deposit,clay_as_reported,source_id,laboratory,country,binder,binder_class,water_content_pct,binder_pct,pozzolan_pct_of_cement,equivalent_cement_pct,curing_days,LL_pct,PL_pct,PI_pct,qu_kPa,test,recovery,n_replicates,flag
Singapore marine clay,Singapore marine clay,yao2020,yao2020,Singapore,OPC,OPC,100.0,20.0,0.0,20.0,150.0,74.0,37.0,37.0,1125.35,UCS,vector,2,
Singapore marine clay,Singapore marine clay,yao2020,yao2020,Singapore,OPC,OPC,100.0,50.0,0.0,50.0,150.0,74.0,37.0,37.0,2685.9,UCS,vector,2,
Singapore marine clay,Singapore marine clay,yao2020,yao2020,Singapore,OPC,OPC,100.0,75.0,0.0,75.0,150.0,74.0,37.0,37.0,4334.549999999999,UCS,vector,2,
Singapore marine clay,Singapore marine clay,yao2020,yao2020,Singapore,OPC,OPC,100.0,100.0,0.0,100.0,150.0,74.0,37.0,37.0,5854.7,UCS,vector,2,
Singapore marine clay,Singapore marine clay,yao2020,yao2020,Singapore,OPC,OPC,100.0,10.0,0.0,10.0,28.0,74.0,37.0,37.0,312.8,UCS,vector,1,
Singapore marine clay,Singapore marine clay,yao2020,yao2020,Singapore,OPC,OPC,100.0,20.0,0.0,20.0,28.0,74.0,37.0,37.0,603.3499999999999,UCS,vector,2,
Singapore marine clay,Singapore marine clay,yao2020,yao2020,Singapore,OPC,OPC,100.0,30.0,0.0,30.0,28.0,74.0,37.0,37.0,919.2,UCS,vector,1,
Singapore marine clay,Singapore marine clay,yao2020,yao2020,Singapore,OPC,OPC,100.0,50.0,0.0,50.0,28.0,74.0,37.0,37.0,1797.0666666666666,UCS,vector,3,
Singapore marine clay,Singapore marine clay,yao2020,yao2020,Singapore,OPC,OPC,100.0,75.0,0.0,75.0,28.0,74.0,37.0,37.0,2808.15,UCS,vector,2,
Singapore marine clay,Singapore marine clay,yao2020,yao2020,Singapore,OPC,OPC,100.0,100.0,0.0,100.0,28.0,74.0,37.0,37.0,3562.8,UCS,vector,2,
Singapore marine clay,Singapore marine clay,yao2020,yao2020,Singapore,OPC,OPC,100.0,10.0,0.0,10.0,7.0,74.0,37.0,37.0,223.9,UCS,vector,1,
Singapore marine clay,Singapore marine clay,yao2020,yao2020,Singapore,OPC,OPC,100.0,20.0,0.0,20.0,7.0,74.0,37.0,37.0,368.85,UCS,vector,2,
Singapore marine clay,Singapore marine clay,yao2020,yao2020,Singapore,OPC,OPC,100.0,30.0,0.0,30.0,7.0,74.0,37.0,37.0,554.3,UCS,vector,1,
Singapore marine clay,Singapore marine clay,yao2020,yao2020,Singapore,OPC,OPC,100.0,50.0,0.0,50.0,7.0,74.0,37.0,37.0,1156.6999999999998,UCS,vector,3,
Singapore marine clay,Singapore marine clay,yao2020,yao2020,Singapore,OPC,OPC,100.0,75.0,0.0,75.0,7.0,74.0,37.0,37.0,1923.15,UCS,vector,2,
Singapore marine clay,Singapore marine clay,yao2020,yao2020,Singapore,OPC,OPC,100.0,100.0,0.0,100.0,7.0,74.0,37.0,37.0,2406.5,UCS,vector,2,
Singapore marine clay,Singapore marine clay,yao2020,yao2020,Singapore,OPC,OPC,100.0,20.0,0.0,20.0,90.0,74.0,37.0,37.0,866.6,UCS,vector,2,
Singapore marine clay,Singapore marine clay,yao2020,yao2020,Singapore,OPC,OPC,100.0,50.0,0.0,50.0,90.0,74.0,37.0,37.0,2452.35,UCS,vector,2,
Singapore marine clay,Singapore marine clay,yao2020,yao2020,Singapore,OPC,OPC,100.0,75.0,0.0,75.0,90.0,74.0,37.0,37.0,3978.75,UCS,vector,2,
Singapore marine clay,Singapore marine clay,yao2020,yao2020,Singapore,OPC,OPC,100.0,100.0,0.0,100.0,90.0,74.0,37.0,37.0,5139.55,UCS,vector,2,
Singapore marine clay,Singapore marine clay,yao2020,yao2020,Singapore,OPC,OPC,117.0,50.0,0.0,50.0,28.0,74.0,37.0,37.0,1279.4,UCS,vector,1,
Singapore marine clay,Singapore marine clay,yao2020,yao2020,Singapore,OPC,OPC,133.0,50.0,0.0,50.0,28.0,74.0,37.0,37.0,750.2,UCS,vector,1,
Singapore marine clay,Singapore marine clay,yao2020,yao2020,Singapore,OPC,OPC,150.0,50.0,0.0,50.0,28.0,74.0,37.0,37.0,557.4,UCS,vector,1,
Singapore marine clay,Singapore marine clay,yao2020,yao2020,Singapore,OPC,OPC,167.0,50.0,0.0,50.0,28.0,74.0,37.0,37.0,400.8,UCS,vector,1,
Singapore marine clay,Singapore marine clay,yao2020,yao2020,Singapore,OPC,OPC,183.0,50.0,0.0,50.0,28.0,74.0,37.0,37.0,237.8,UCS,vector,1,
Singapore marine clay,Singapore marine clay,yao2020,yao2020,Singapore,OPC,OPC,117.0,50.0,0.0,50.0,7.0,74.0,37.0,37.0,631.8,UCS,vector,1,
Singapore marine clay,Singapore marine clay,yao2020,yao2020,Singapore,OPC,OPC,133.0,50.0,0.0,50.0,7.0,74.0,37.0,37.0,431.3,UCS,vector,1,
Singapore marine clay,Singapore marine clay,yao2020,yao2020,Singapore,OPC,OPC,150.0,50.0,0.0,50.0,7.0,74.0,37.0,37.0,339.4,UCS,vector,1,
Singapore marine clay,Singapore marine clay,yao2020,yao2020,Singapore,OPC,OPC,167.0,50.0,0.0,50.0,7.0,74.0,37.0,37.0,228.1,UCS,vector,1,
Singapore marine clay,Singapore marine clay,yao2020,yao2020,Singapore,OPC,OPC,183.0,50.0,0.0,50.0,7.0,74.0,37.0,37.0,189.3,UCS,vector,1,
Singapore marine clay,Singapore marine clay,yao2020,yao2020,Singapore,OPC,OPC,133.3,50.0,0.0,50.0,7.0,74.0,37.0,37.0,439.2,UCS,vector,1,
Singapore marine clay,Singapore marine clay,yao2020,yao2020,Singapore,OPC,OPC,133.3,50.0,0.0,50.0,28.0,74.0,37.0,37.0,759.3,UCS,vector,1,
Singapore marine clay,Singapore marine clay,yao2020,yao2020,Singapore,OPC,OPC,133.3,50.0,0.0,50.0,90.0,74.0,37.0,37.0,1036.8,UCS,vector,1,
Singapore marine clay,Singapore marine clay,yao2020,yao2020,Singapore,OPC,OPC,133.3,50.0,0.0,50.0,150.0,74.0,37.0,37.0,1164.9,UCS,vector,1,
Bangkok clay,Bangkok clay (AIT),horpibulsuk2011_FA,"Horpibulsuk, Suranaree",Thailand,OPC,OPC,89.0,22.2,0.0,22.2,28.0,103.0,43.0,60.0,1786.0,UCS,table,1,
Bangkok clay,Bangkok clay (AIT),horpibulsuk2011_FA,"Horpibulsuk, Suranaree",Thailand,PC+FA,OPC,89.0,20.7,10.0,22.2525,28.0,103.0,43.0,60.0,1784.0,UCS,table,1,
Bangkok clay,Bangkok clay (AIT),horpibulsuk2011_FA,"Horpibulsuk, Suranaree",Thailand,PC+FA,OPC,89.0,18.8,25.0,22.325,28.0,103.0,43.0,60.0,1750.0,UCS,table,1,
Bangkok clay,Bangkok clay (AIT),horpibulsuk2011_FA,"Horpibulsuk, Suranaree",Thailand,OPC,OPC,119.0,29.5,0.0,29.5,28.0,103.0,43.0,60.0,1800.0,UCS,table,1,
Bangkok clay,Bangkok clay (AIT),horpibulsuk2011_FA,"Horpibulsuk, Suranaree",Thailand,PC+FA,OPC,119.0,27.5,10.0,29.5625,28.0,103.0,43.0,60.0,1751.0,UCS,table,1,
Bangkok clay,Bangkok clay (AIT),horpibulsuk2011_FA,"Horpibulsuk, Suranaree",Thailand,PC+FA,OPC,119.0,25.1,25.0,29.8063,28.0,103.0,43.0,60.0,1820.0,UCS,table,1,
Bangkok clay,Bangkok clay (AIT),horpibulsuk2011_FA,"Horpibulsuk, Suranaree",Thailand,OPC,OPC,148.0,36.8,0.0,36.8,28.0,103.0,43.0,60.0,1800.0,UCS,table,1,
Bangkok clay,Bangkok clay (AIT),horpibulsuk2011_FA,"Horpibulsuk, Suranaree",Thailand,PC+FA,OPC,148.0,34.4,10.0,36.98,28.0,103.0,43.0,60.0,1780.0,UCS,table,1,
Bangkok clay,Bangkok clay (AIT),horpibulsuk2011_FA,"Horpibulsuk, Suranaree",Thailand,PC+FA,OPC,148.0,31.3,25.0,37.1688,28.0,103.0,43.0,60.0,1820.0,UCS,table,1,
Bangkok clay,Bangkok clay (AIT),horpibulsuk2011_FA,"Horpibulsuk, Suranaree",Thailand,OPC,OPC,89.0,12.7,0.0,12.7,28.0,103.0,43.0,60.0,841.0,UCS,table,1,
Bangkok clay,Bangkok clay (AIT),horpibulsuk2011_FA,"Horpibulsuk, Suranaree",Thailand,PC+FA,OPC,89.0,11.8,10.0,12.685,28.0,103.0,43.0,60.0,836.0,UCS,table,1,
Bangkok clay,Bangkok clay (AIT),horpibulsuk2011_FA,"Horpibulsuk, Suranaree",Thailand,PC+FA,OPC,89.0,10.8,25.0,12.825,28.0,103.0,43.0,60.0,820.0,UCS,table,1,
Bangkok clay,Bangkok clay (AIT),horpibulsuk2011_FA,"Horpibulsuk, Suranaree",Thailand,OPC,OPC,119.0,16.8,0.0,16.8,28.0,103.0,43.0,60.0,845.0,UCS,table,1,
Bangkok clay,Bangkok clay (AIT),horpibulsuk2011_FA,"Horpibulsuk, Suranaree",Thailand,PC+FA,OPC,119.0,15.7,10.0,16.8775,28.0,103.0,43.0,60.0,810.0,UCS,table,1,
Bangkok clay,Bangkok clay (AIT),horpibulsuk2011_FA,"Horpibulsuk, Suranaree",Thailand,PC+FA,OPC,119.0,14.3,25.0,16.9812,28.0,103.0,43.0,60.0,826.0,UCS,table,1,
Bangkok clay,Bangkok clay (AIT),horpibulsuk2011_FA,"Horpibulsuk, Suranaree",Thailand,OPC,OPC,148.0,21.0,0.0,21.0,28.0,103.0,43.0,60.0,800.0,UCS,table,1,
Bangkok clay,Bangkok clay (AIT),horpibulsuk2011_FA,"Horpibulsuk, Suranaree",Thailand,PC+FA,OPC,148.0,19.6,10.0,21.07,28.0,103.0,43.0,60.0,814.0,UCS,table,1,
Bangkok clay,Bangkok clay (AIT),horpibulsuk2011_FA,"Horpibulsuk, Suranaree",Thailand,PC+FA,OPC,148.0,17.9,25.0,21.2562,28.0,103.0,43.0,60.0,819.0,UCS,table,1,
Bangkok clay,Bangkok clay (AIT),horpibulsuk2011_FA,"Horpibulsuk, Suranaree",Thailand,OPC,OPC,89.0,7.4,0.0,7.4,28.0,103.0,43.0,60.0,467.0,UCS,table,1,
Bangkok clay,Bangkok clay (AIT),horpibulsuk2011_FA,"Horpibulsuk, Suranaree",Thailand,PC+FA,OPC,89.0,6.9,10.0,7.4175,28.0,103.0,43.0,60.0,476.0,UCS,table,1,
Bangkok clay,Bangkok clay (AIT),horpibulsuk2011_FA,"Horpibulsuk, Suranaree",Thailand,PC+FA,OPC,89.0,6.3,25.0,7.4813,28.0,103.0,43.0,60.0,459.0,UCS,table,1,
Bangkok clay,Bangkok clay (AIT),horpibulsuk2011_FA,"Horpibulsuk, Suranaree",Thailand,OPC,OPC,119.0,9.8,0.0,9.8,28.0,103.0,43.0,60.0,479.0,UCS,table,1,
Bangkok clay,Bangkok clay (AIT),horpibulsuk2011_FA,"Horpibulsuk, Suranaree",Thailand,PC+FA,OPC,119.0,9.2,10.0,9.89,28.0,103.0,43.0,60.0,468.0,UCS,table,1,
Bangkok clay,Bangkok clay (AIT),horpibulsuk2011_FA,"Horpibulsuk, Suranaree",Thailand,PC+FA,OPC,119.0,8.4,25.0,9.975,28.0,103.0,43.0,60.0,450.0,UCS,table,1,
Bangkok clay,Bangkok clay (AIT),horpibulsuk2011_FA,"Horpibulsuk, Suranaree",Thailand,OPC,OPC,148.0,12.3,0.0,12.3,28.0,103.0,43.0,60.0,449.0,UCS,table,1,
Bangkok clay,Bangkok clay (AIT),horpibulsuk2011_FA,"Horpibulsuk, Suranaree",Thailand,PC+FA,OPC,148.0,11.5,10.0,12.3625,28.0,103.0,43.0,60.0,456.0,UCS,table,1,
Bangkok clay,Bangkok clay (AIT),horpibulsuk2011_FA,"Horpibulsuk, Suranaree",Thailand,PC+FA,OPC,148.0,10.4,25.0,12.35,28.0,103.0,43.0,60.0,486.0,UCS,table,1,
Bangkok clay,Bangkok clay (AIT),horpibulsuk2011_BA,"Horpibulsuk, Suranaree",Thailand,PC+BA,OPC,89.0,10.0,15.0,11.125,7.0,103.0,43.0,60.0,520.0,UCS,table,1,
Bangkok clay,Bangkok clay (AIT),horpibulsuk2011_BA,"Horpibulsuk, Suranaree",Thailand,PC+BA,OPC,89.0,10.0,20.0,11.5,7.0,103.0,43.0,60.0,547.0,UCS,table,1,
Bangkok clay,Bangkok clay (AIT),horpibulsuk2011_BA,"Horpibulsuk, Suranaree",Thailand,PC+BA,OPC,89.0,30.0,15.0,33.375,7.0,103.0,43.0,60.0,1882.0,UCS,table,1,
Bangkok clay,Bangkok clay (AIT),horpibulsuk2011_BA,"Horpibulsuk, Suranaree",Thailand,PC+BA,OPC,89.0,30.0,20.0,34.5,7.0,103.0,43.0,60.0,2141.0,UCS,table,1,
Bangkok clay,Bangkok clay (AIT),horpibulsuk2011_BA,"Horpibulsuk, Suranaree",Thailand,PC+BA,OPC,118.0,10.0,15.0,11.125,7.0,103.0,43.0,60.0,332.0,UCS,table,1,
Bangkok clay,Bangkok clay (AIT),horpibulsuk2011_BA,"Horpibulsuk, Suranaree",Thailand,PC+BA,OPC,118.0,10.0,20.0,11.5,7.0,103.0,43.0,60.0,332.0,UCS,table,1,
Bangkok clay,Bangkok clay (AIT),horpibulsuk2011_BA,"Horpibulsuk, Suranaree",Thailand,PC+BA,OPC,118.0,30.0,15.0,33.375,7.0,103.0,43.0,60.0,1371.0,UCS,table,1,
Bangkok clay,Bangkok clay (AIT),horpibulsuk2011_BA,"Horpibulsuk, Suranaree",Thailand,PC+BA,OPC,118.0,30.0,20.0,34.5,7.0,103.0,43.0,60.0,1467.0,UCS,table,1,
Bangkok clay,Bangkok clay (AIT),horpibulsuk2011_BA,"Horpibulsuk, Suranaree",Thailand,PC+BA,OPC,148.0,10.0,15.0,11.125,7.0,103.0,43.0,60.0,257.0,UCS,table,1,
Bangkok clay,Bangkok clay (AIT),horpibulsuk2011_BA,"Horpibulsuk, Suranaree",Thailand,PC+BA,OPC,148.0,10.0,20.0,11.5,7.0,103.0,43.0,60.0,273.0,UCS,table,1,
Bangkok clay,Bangkok clay (AIT),horpibulsuk2011_BA,"Horpibulsuk, Suranaree",Thailand,PC+BA,OPC,148.0,30.0,15.0,33.375,7.0,103.0,43.0,60.0,844.0,UCS,table,1,
Bangkok clay,Bangkok clay (AIT),horpibulsuk2011_BA,"Horpibulsuk, Suranaree",Thailand,PC+BA,OPC,148.0,30.0,20.0,34.5,7.0,103.0,43.0,60.0,865.0,UCS,table,1,
Bangkok clay,Bangkok clay (AIT),horpibulsuk2011_BA,"Horpibulsuk, Suranaree",Thailand,PC+BA,OPC,89.0,10.0,15.0,11.125,28.0,103.0,43.0,60.0,781.0,UCS,table,1,
Bangkok clay,Bangkok clay (AIT),horpibulsuk2011_BA,"Horpibulsuk, Suranaree",Thailand,PC+BA,OPC,89.0,10.0,20.0,11.5,28.0,103.0,43.0,60.0,820.0,UCS,table,1,
Bangkok clay,Bangkok clay (AIT),horpibulsuk2011_BA,"Horpibulsuk, Suranaree",Thailand,PC+BA,OPC,89.0,30.0,15.0,33.375,28.0,103.0,43.0,60.0,2855.0,UCS,table,1,
Bangkok clay,Bangkok clay (AIT),horpibulsuk2011_BA,"Horpibulsuk, Suranaree",Thailand,PC+BA,OPC,89.0,30.0,20.0,34.5,28.0,103.0,43.0,60.0,3038.0,UCS,table,1,
Bangkok clay,Bangkok clay (AIT),horpibulsuk2011_BA,"Horpibulsuk, Suranaree",Thailand,PC+BA,OPC,118.0,10.0,15.0,11.125,28.0,103.0,43.0,60.0,514.0,UCS,table,1,
Bangkok clay,Bangkok clay (AIT),horpibulsuk2011_BA,"Horpibulsuk, Suranaree",Thailand,PC+BA,OPC,118.0,10.0,20.0,11.5,28.0,103.0,43.0,60.0,547.0,UCS,table,1,
Bangkok clay,Bangkok clay (AIT),horpibulsuk2011_BA,"Horpibulsuk, Suranaree",Thailand,PC+BA,OPC,118.0,30.0,15.0,33.375,28.0,103.0,43.0,60.0,2056.0,UCS,table,1,
Bangkok clay,Bangkok clay (AIT),horpibulsuk2011_BA,"Horpibulsuk, Suranaree",Thailand,PC+BA,OPC,118.0,30.0,20.0,34.5,28.0,103.0,43.0,60.0,2150.0,UCS,table,1,
Bangkok clay,Bangkok clay (AIT),horpibulsuk2011_BA,"Horpibulsuk, Suranaree",Thailand,PC+BA,OPC,148.0,10.0,15.0,11.125,28.0,103.0,43.0,60.0,320.0,UCS,table,1,
Bangkok clay,Bangkok clay (AIT),horpibulsuk2011_BA,"Horpibulsuk, Suranaree",Thailand,PC+BA,OPC,148.0,10.0,20.0,11.5,28.0,103.0,43.0,60.0,366.0,UCS,table,1,
Bangkok clay,Bangkok clay (AIT),horpibulsuk2011_BA,"Horpibulsuk, Suranaree",Thailand,PC+BA,OPC,148.0,30.0,15.0,33.375,28.0,103.0,43.0,60.0,1409.0,UCS,table,1,
Bangkok clay,Bangkok clay (AIT),horpibulsuk2011_BA,"Horpibulsuk, Suranaree",Thailand,PC+BA,OPC,148.0,30.0,20.0,34.5,28.0,103.0,43.0,60.0,1549.0,UCS,table,1,
Bangkok clay,Bangkok clay (AIT),horpibulsuk2011_BA,"Horpibulsuk, Suranaree",Thailand,PC+BA,OPC,89.0,10.0,15.0,11.125,90.0,103.0,43.0,60.0,1078.0,UCS,table,1,
Bangkok clay,Bangkok clay (AIT),horpibulsuk2011_BA,"Horpibulsuk, Suranaree",Thailand,PC+BA,OPC,89.0,10.0,20.0,11.5,90.0,103.0,43.0,60.0,1101.0,UCS,table,1,
Bangkok clay,Bangkok clay (AIT),horpibulsuk2011_BA,"Horpibulsuk, Suranaree",Thailand,PC+BA,OPC,89.0,30.0,15.0,33.375,90.0,103.0,43.0,60.0,4298.0,UCS,table,1,
Bangkok clay,Bangkok clay (AIT),horpibulsuk2011_BA,"Horpibulsuk, Suranaree",Thailand,PC+BA,OPC,89.0,30.0,20.0,34.5,90.0,103.0,43.0,60.0,4522.0,UCS,table,1,
Bangkok clay,Bangkok clay (AIT),horpibulsuk2011_BA,"Horpibulsuk, Suranaree",Thailand,PC+BA,OPC,118.0,10.0,15.0,11.125,90.0,103.0,43.0,60.0,747.0,UCS,table,1,
Bangkok clay,Bangkok clay (AIT),horpibulsuk2011_BA,"Horpibulsuk, Suranaree",Thailand,PC+BA,OPC,118.0,10.0,20.0,11.5,90.0,103.0,43.0,60.0,785.0,UCS,table,1,
Bangkok clay,Bangkok clay (AIT),horpibulsuk2011_BA,"Horpibulsuk, Suranaree",Thailand,PC+BA,OPC,118.0,30.0,15.0,33.375,90.0,103.0,43.0,60.0,2822.0,UCS,table,1,
Bangkok clay,Bangkok clay (AIT),horpibulsuk2011_BA,"Horpibulsuk, Suranaree",Thailand,PC+BA,OPC,118.0,30.0,20.0,34.5,90.0,103.0,43.0,60.0,2994.0,UCS,table,1,
Bangkok clay,Bangkok clay (AIT),horpibulsuk2011_BA,"Horpibulsuk, Suranaree",Thailand,PC+BA,OPC,148.0,10.0,15.0,11.125,90.0,103.0,43.0,60.0,565.0,UCS,table,1,
Bangkok clay,Bangkok clay (AIT),horpibulsuk2011_BA,"Horpibulsuk, Suranaree",Thailand,PC+BA,OPC,148.0,10.0,20.0,11.5,90.0,103.0,43.0,60.0,587.0,UCS,table,1,
Bangkok clay,Bangkok clay (AIT),horpibulsuk2011_BA,"Horpibulsuk, Suranaree",Thailand,PC+BA,OPC,148.0,30.0,15.0,33.375,90.0,103.0,43.0,60.0,2162.0,UCS,table,1,
Bangkok clay,Bangkok clay (AIT),horpibulsuk2011_BA,"Horpibulsuk, Suranaree",Thailand,PC+BA,OPC,148.0,30.0,20.0,34.5,90.0,103.0,43.0,60.0,2227.0,UCS,table,1,
Singapore marine clay,Singapore marine clay (Xiao & Lee 2008),xiao2008,xiao2008,Singapore,OPC,OPC,100.0,10.0,0.0,10.0,7.0,90.0,25.0,65.0,220.0,UCS,table,1,
Singapore marine clay,Singapore marine clay (Xiao & Lee 2008),xiao2008,xiao2008,Singapore,OPC,OPC,100.0,10.0,0.0,10.0,28.0,90.0,25.0,65.0,329.0,UCS,table,1,
Singapore marine clay,Singapore marine clay (Xiao & Lee 2008),xiao2008,xiao2008,Singapore,OPC,OPC,100.0,15.0,0.0,15.0,7.0,90.0,25.0,65.0,320.0,UCS,table,1,
Singapore marine clay,Singapore marine clay (Xiao & Lee 2008),xiao2008,xiao2008,Singapore,OPC,OPC,100.0,15.0,0.0,15.0,28.0,90.0,25.0,65.0,512.0,UCS,table,1,
Singapore marine clay,Singapore marine clay (Xiao & Lee 2008),xiao2008,xiao2008,Singapore,OPC,OPC,100.0,15.0,0.0,15.0,90.0,90.0,25.0,65.0,640.0,UCS,table,1,
Singapore marine clay,Singapore marine clay (Xiao & Lee 2008),xiao2008,xiao2008,Singapore,OPC,OPC,100.0,20.0,0.0,20.0,7.0,90.0,25.0,65.0,412.0,UCS,table,1,
Singapore marine clay,Singapore marine clay (Xiao & Lee 2008),xiao2008,xiao2008,Singapore,OPC,OPC,100.0,20.0,0.0,20.0,28.0,90.0,25.0,65.0,619.0,UCS,table,1,
Singapore marine clay,Singapore marine clay (Xiao & Lee 2008),xiao2008,xiao2008,Singapore,OPC,OPC,100.0,20.0,0.0,20.0,90.0,90.0,25.0,65.0,812.0,UCS,table,1,
Singapore marine clay,Singapore marine clay (Xiao & Lee 2008),xiao2008,xiao2008,Singapore,OPC,OPC,100.0,20.0,0.0,20.0,180.0,90.0,25.0,65.0,896.0,UCS,table,1,
Singapore marine clay,Singapore marine clay (Xiao & Lee 2008),xiao2008,xiao2008,Singapore,OPC,OPC,133.0,50.0,0.0,50.0,7.0,90.0,25.0,65.0,385.0,UCS,table,1,
Singapore marine clay,Singapore marine clay (Xiao & Lee 2008),xiao2008,xiao2008,Singapore,OPC,OPC,133.0,50.0,0.0,50.0,28.0,90.0,25.0,65.0,650.0,UCS,table,1,
Singapore marine clay,Singapore marine clay (Xiao & Lee 2008),xiao2008,xiao2008,Singapore,OPC,OPC,133.0,50.0,0.0,50.0,90.0,90.0,25.0,65.0,818.0,UCS,table,1,
Singapore marine clay,Singapore marine clay (Xiao & Lee 2008),xiao2008,xiao2008,Singapore,OPC,OPC,133.0,50.0,0.0,50.0,180.0,90.0,25.0,65.0,915.0,UCS,table,1,
Singapore marine clay,Singapore marine clay (Xiao & Lee 2008),xiao2008,xiao2008,Singapore,OPC,OPC,150.0,77.0,0.0,77.0,7.0,90.0,25.0,65.0,439.0,UCS,table,1,
Singapore marine clay,Singapore marine clay (Xiao & Lee 2008),xiao2008,xiao2008,Singapore,OPC,OPC,150.0,77.0,0.0,77.0,28.0,90.0,25.0,65.0,618.0,UCS,table,1,
Singapore marine clay,Singapore marine clay (Xiao & Lee 2008),xiao2008,xiao2008,Singapore,OPC,OPC,150.0,100.0,0.0,100.0,7.0,90.0,25.0,65.0,478.0,UCS,table,1,
Singapore marine clay,Singapore marine clay (Xiao & Lee 2008),xiao2008,xiao2008,Singapore,OPC,OPC,150.0,100.0,0.0,100.0,28.0,90.0,25.0,65.0,927.0,UCS,table,1,
Singapore marine clay,Singapore marine clay (Xiao & Lee 2008),xiao2008,xiao2008,Singapore,OPC,OPC,150.0,100.0,0.0,100.0,90.0,90.0,25.0,65.0,998.0,UCS,table,1,
Singapore marine clay,Singapore marine clay (Xiao & Lee 2008),xiao2008,xiao2008,Singapore,OPC,OPC,72.0,10.0,0.0,10.0,7.0,90.0,25.0,65.0,430.0,UCS,table,1,
Singapore marine clay,Singapore marine clay (Xiao & Lee 2008),xiao2008,xiao2008,Singapore,OPC,OPC,72.0,10.0,0.0,10.0,28.0,90.0,25.0,65.0,651.0,UCS,table,1,
Singapore marine clay,Singapore marine clay (Xiao & Lee 2008),xiao2008,xiao2008,Singapore,OPC,OPC,71.0,17.0,0.0,17.0,7.0,90.0,25.0,65.0,844.0,UCS,table,1,
Singapore marine clay,Singapore marine clay (Xiao & Lee 2008),xiao2008,xiao2008,Singapore,OPC,OPC,71.0,17.0,0.0,17.0,28.0,90.0,25.0,65.0,1066.0,UCS,table,1,
Singapore marine clay,Singapore marine clay (Xiao & Lee 2008),xiao2008,xiao2008,Singapore,OPC,OPC,72.0,25.0,0.0,25.0,7.0,90.0,25.0,65.0,980.0,UCS,table,1,
Singapore marine clay,Singapore marine clay (Xiao & Lee 2008),xiao2008,xiao2008,Singapore,OPC,OPC,72.0,25.0,0.0,25.0,28.0,90.0,25.0,65.0,1586.0,UCS,table,1,
Qiantang River silty clay,Qiantang River silty clay,qiantang2024,qiantang2024,China,OPC,OPC,35.0,20.0,0.0,20.0,3.0,33.1,16.2,17.0,1822.0,UCS,fit-derived,1,
Qiantang River silty clay,Qiantang River silty clay,qiantang2024,qiantang2024,China,OPC,OPC,35.0,20.0,0.0,20.0,7.0,33.1,16.2,17.0,2440.0,UCS,fit-derived,1,
Qiantang River silty clay,Qiantang River silty clay,qiantang2024,qiantang2024,China,OPC,OPC,35.0,20.0,0.0,20.0,14.0,33.1,16.2,17.0,2946.0,UCS,fit-derived,1,
Qiantang River silty clay,Qiantang River silty clay,qiantang2024,qiantang2024,China,OPC,OPC,35.0,20.0,0.0,20.0,28.0,33.1,16.2,17.0,3452.0,UCS,fit-derived,1,
Qiantang River silty clay,Qiantang River silty clay,qiantang2024,qiantang2024,China,OPC,OPC,35.0,30.0,0.0,30.0,3.0,33.1,16.2,17.0,5112.0,UCS,fit-derived,1,
Qiantang River silty clay,Qiantang River silty clay,qiantang2024,qiantang2024,China,OPC,OPC,35.0,30.0,0.0,30.0,7.0,33.1,16.2,17.0,6417.0,UCS,fit-derived,1,
Qiantang River silty clay,Qiantang River silty clay,qiantang2024,qiantang2024,China,OPC,OPC,35.0,30.0,0.0,30.0,14.0,33.1,16.2,17.0,7484.0,UCS,fit-derived,1,
Qiantang River silty clay,Qiantang River silty clay,qiantang2024,qiantang2024,China,OPC,OPC,35.0,30.0,0.0,30.0,28.0,33.1,16.2,17.0,8552.0,UCS,fit-derived,1,
Qiantang River silty clay,Qiantang River silty clay,qiantang2024,qiantang2024,China,OPC,OPC,35.0,40.0,0.0,40.0,3.0,33.1,16.2,17.0,8504.0,UCS,fit-derived,1,
Qiantang River silty clay,Qiantang River silty clay,qiantang2024,qiantang2024,China,OPC,OPC,35.0,40.0,0.0,40.0,7.0,33.1,16.2,17.0,10775.0,UCS,fit-derived,1,
Qiantang River silty clay,Qiantang River silty clay,qiantang2024,qiantang2024,China,OPC,OPC,35.0,40.0,0.0,40.0,14.0,33.1,16.2,17.0,12633.0,UCS,fit-derived,1,
Qiantang River silty clay,Qiantang River silty clay,qiantang2024,qiantang2024,China,OPC,OPC,35.0,40.0,0.0,40.0,28.0,33.1,16.2,17.0,14491.0,UCS,fit-derived,1,
Qiantang River silty clay,Qiantang River silty clay,qiantang2024,qiantang2024,China,OPC,OPC,42.0,20.0,0.0,20.0,3.0,33.1,16.2,17.0,1333.0,UCS,fit-derived,1,
Qiantang River silty clay,Qiantang River silty clay,qiantang2024,qiantang2024,China,OPC,OPC,42.0,20.0,0.0,20.0,7.0,33.1,16.2,17.0,1706.0,UCS,fit-derived,1,
Qiantang River silty clay,Qiantang River silty clay,qiantang2024,qiantang2024,China,OPC,OPC,42.0,20.0,0.0,20.0,14.0,33.1,16.2,17.0,2011.0,UCS,fit-derived,1,
Qiantang River silty clay,Qiantang River silty clay,qiantang2024,qiantang2024,China,OPC,OPC,42.0,20.0,0.0,20.0,28.0,33.1,16.2,17.0,2316.0,UCS,fit-derived,1,
Qiantang River silty clay,Qiantang River silty clay,qiantang2024,qiantang2024,China,OPC,OPC,42.0,30.0,0.0,30.0,3.0,33.1,16.2,17.0,3369.0,UCS,fit-derived,1,
Qiantang River silty clay,Qiantang River silty clay,qiantang2024,qiantang2024,China,OPC,OPC,42.0,30.0,0.0,30.0,7.0,33.1,16.2,17.0,4394.0,UCS,fit-derived,1,
Qiantang River silty clay,Qiantang River silty clay,qiantang2024,qiantang2024,China,OPC,OPC,42.0,30.0,0.0,30.0,14.0,33.1,16.2,17.0,5233.0,UCS,fit-derived,1,
Qiantang River silty clay,Qiantang River silty clay,qiantang2024,qiantang2024,China,OPC,OPC,42.0,30.0,0.0,30.0,28.0,33.1,16.2,17.0,6072.0,UCS,fit-derived,1,
Qiantang River silty clay,Qiantang River silty clay,qiantang2024,qiantang2024,China,OPC,OPC,42.0,40.0,0.0,40.0,3.0,33.1,16.2,17.0,7005.0,UCS,fit-derived,1,
Qiantang River silty clay,Qiantang River silty clay,qiantang2024,qiantang2024,China,OPC,OPC,42.0,40.0,0.0,40.0,7.0,33.1,16.2,17.0,8598.0,UCS,fit-derived,1,
Qiantang River silty clay,Qiantang River silty clay,qiantang2024,qiantang2024,China,OPC,OPC,42.0,40.0,0.0,40.0,14.0,33.1,16.2,17.0,9901.0,UCS,fit-derived,1,
Qiantang River silty clay,Qiantang River silty clay,qiantang2024,qiantang2024,China,OPC,OPC,42.0,40.0,0.0,40.0,28.0,33.1,16.2,17.0,11204.0,UCS,fit-derived,1,
Kaolin,Kaolin (Flores et al. 2010),flores2010,flores2010,Belgium,OPC,OPC,115.0,10.0,0.0,10.0,6.8,57.7,30.0,28.0,51.1,UCS,vector,2,
Kaolin,Kaolin (Flores et al. 2010),flores2010,flores2010,Belgium,OPC,OPC,115.0,10.0,0.0,10.0,13.8,57.7,30.0,28.0,63.0,UCS,vector,1,
Kaolin,Kaolin (Flores et al. 2010),flores2010,flores2010,Belgium,OPC,OPC,115.0,10.0,0.0,10.0,20.8,57.7,30.0,28.0,70.5,UCS,vector,2,
Kaolin,Kaolin (Flores et al. 2010),flores2010,flores2010,Belgium,OPC,OPC,115.0,10.0,0.0,10.0,27.8,57.7,30.0,28.0,85.4,UCS,vector,2,
Kaolin,Kaolin (Flores et al. 2010),flores2010,flores2010,Belgium,OPC,OPC,115.0,10.0,0.0,10.0,41.8,57.7,30.0,28.0,96.8,UCS,vector,2,
Kaolin,Kaolin (Flores et al. 2010),flores2010,flores2010,Belgium,OPC,OPC,115.0,10.0,0.0,10.0,55.8,57.7,30.0,28.0,99.8,UCS,vector,1,
Kaolin,Kaolin (Flores et al. 2010),flores2010,flores2010,Belgium,OPC,OPC,115.0,20.0,0.0,20.0,6.8,57.7,30.0,28.0,198.3,UCS,vector,2,
Kaolin,Kaolin (Flores et al. 2010),flores2010,flores2010,Belgium,OPC,OPC,115.0,20.0,0.0,20.0,13.8,57.7,30.0,28.0,223.8,UCS,vector,2,
Kaolin,Kaolin (Flores et al. 2010),flores2010,flores2010,Belgium,OPC,OPC,115.0,20.0,0.0,20.0,20.8,57.7,30.0,28.0,283.20000000000005,UCS,vector,2,
Kaolin,Kaolin (Flores et al. 2010),flores2010,flores2010,Belgium,OPC,OPC,115.0,20.0,0.0,20.0,27.8,57.7,30.0,28.0,302.55,UCS,vector,2,
Kaolin,Kaolin (Flores et al. 2010),flores2010,flores2010,Belgium,OPC,OPC,115.0,20.0,0.0,20.0,41.8,57.7,30.0,28.0,310.8,UCS,vector,2,
Kaolin,Kaolin (Flores et al. 2010),flores2010,flores2010,Belgium,OPC,OPC,115.0,20.0,0.0,20.0,55.8,57.7,30.0,28.0,343.95000000000005,UCS,vector,2,
Kaolin,Kaolin (Flores et al. 2010),flores2010,flores2010,Belgium,slag cement,slag cement,115.0,20.0,0.0,34.4,6.9,57.7,30.0,28.0,260.6,UCS,vector,2,
Kaolin,Kaolin (Flores et al. 2010),flores2010,flores2010,Belgium,slag cement,slag cement,115.0,20.0,0.0,34.4,13.9,57.7,30.0,28.0,478.1,UCS,vector,2,
Kaolin,Kaolin (Flores et al. 2010),flores2010,flores2010,Belgium,slag cement,slag cement,115.0,20.0,0.0,34.4,20.9,57.7,30.0,28.0,587.8499999999999,UCS,vector,2,
Kaolin,Kaolin (Flores et al. 2010),flores2010,flores2010,Belgium,slag cement,slag cement,115.0,20.0,0.0,34.4,27.9,57.7,30.0,28.0,656.2,UCS,vector,2,
Kaolin,Kaolin (Flores et al. 2010),flores2010,flores2010,Belgium,slag cement,slag cement,115.0,20.0,0.0,34.4,39.9,57.7,30.0,28.0,695.1500000000001,UCS,vector,2,
Kaolin,Kaolin (Flores et al. 2010),flores2010,flores2010,Belgium,slag cement,slag cement,115.0,20.0,0.0,34.4,55.9,57.7,30.0,28.0,766.45,UCS,vector,2,
Patimban marine clay,Patimban marine clay,patimban2026,patimban2026,Indonesia,"PCC (Portland composite, slag)",PCC,106.7,20.0,0.0,20.0,1.0,85.38,43.31,42.07,130.8,UCS,vector,1,
Patimban marine clay,Patimban marine clay,patimban2026,patimban2026,Indonesia,"PCC (Portland composite, slag)",PCC,106.7,20.0,0.0,20.0,3.0,85.38,43.31,42.07,220.6,UCS,vector,1,
Patimban marine clay,Patimban marine clay,patimban2026,patimban2026,Indonesia,"PCC (Portland composite, slag)",PCC,106.7,20.0,0.0,20.0,7.0,85.38,43.31,42.07,319.6,UCS,vector,1,
Patimban marine clay,Patimban marine clay,patimban2026,patimban2026,Indonesia,"PCC (Portland composite, slag)",PCC,106.7,20.0,0.0,20.0,28.0,85.38,43.31,42.07,483.2,UCS,vector,1,
Patimban marine clay,Patimban marine clay,patimban2026,patimban2026,Indonesia,"PCC (Portland composite, slag)",PCC,106.7,20.0,0.0,20.0,56.0,85.38,43.31,42.07,497.1,UCS,vector,1,
Patimban marine clay,Patimban marine clay,patimban2026,patimban2026,Indonesia,"PCC (Portland composite, slag)",PCC,128.1,20.0,0.0,20.0,1.0,85.38,43.31,42.07,77.6,UCS,vector,1,
Patimban marine clay,Patimban marine clay,patimban2026,patimban2026,Indonesia,"PCC (Portland composite, slag)",PCC,128.1,20.0,0.0,20.0,3.0,85.38,43.31,42.07,118.8,UCS,vector,1,
Patimban marine clay,Patimban marine clay,patimban2026,patimban2026,Indonesia,"PCC (Portland composite, slag)",PCC,128.1,20.0,0.0,20.0,7.0,85.38,43.31,42.07,311.0,UCS,vector,1,
Patimban marine clay,Patimban marine clay,patimban2026,patimban2026,Indonesia,"PCC (Portland composite, slag)",PCC,128.1,20.0,0.0,20.0,28.0,85.38,43.31,42.07,398.0,UCS,vector,1,
Patimban marine clay,Patimban marine clay,patimban2026,patimban2026,Indonesia,"PCC (Portland composite, slag)",PCC,128.1,20.0,0.0,20.0,56.0,85.38,43.31,42.07,453.9,UCS,vector,1,
Patimban marine clay,Patimban marine clay,patimban2026,patimban2026,Indonesia,"PCC (Portland composite, slag)",PCC,85.4,20.0,0.0,20.0,1.0,85.38,43.31,42.07,167.0,UCS,vector,1,
Patimban marine clay,Patimban marine clay,patimban2026,patimban2026,Indonesia,"PCC (Portland composite, slag)",PCC,85.4,20.0,0.0,20.0,3.0,85.38,43.31,42.07,323.3,UCS,vector,1,
Patimban marine clay,Patimban marine clay,patimban2026,patimban2026,Indonesia,"PCC (Portland composite, slag)",PCC,85.4,20.0,0.0,20.0,7.0,85.38,43.31,42.07,386.4,UCS,vector,1,
Patimban marine clay,Patimban marine clay,patimban2026,patimban2026,Indonesia,"PCC (Portland composite, slag)",PCC,85.4,20.0,0.0,20.0,28.0,85.38,43.31,42.07,536.7,UCS,vector,1,
Patimban marine clay,Patimban marine clay,patimban2026,patimban2026,Indonesia,"PCC (Portland composite, slag)",PCC,85.4,20.0,0.0,20.0,56.0,85.38,43.31,42.07,608.5,UCS,vector,1,
Patimban marine clay,Patimban marine clay,patimban2026,patimban2026,Indonesia,"PCC (Portland composite, slag)",PCC,170.8,20.0,0.0,20.0,1.0,85.38,43.31,42.07,48.7,UCS,vector,1,
Patimban marine clay,Patimban marine clay,patimban2026,patimban2026,Indonesia,"PCC (Portland composite, slag)",PCC,170.8,20.0,0.0,20.0,3.0,85.38,43.31,42.07,83.9,UCS,vector,1,
Patimban marine clay,Patimban marine clay,patimban2026,patimban2026,Indonesia,"PCC (Portland composite, slag)",PCC,170.8,20.0,0.0,20.0,7.0,85.38,43.31,42.07,169.7,UCS,vector,1,
Patimban marine clay,Patimban marine clay,patimban2026,patimban2026,Indonesia,"PCC (Portland composite, slag)",PCC,170.8,20.0,0.0,20.0,28.0,85.38,43.31,42.07,210.2,UCS,vector,1,
Patimban marine clay,Patimban marine clay,patimban2026,patimban2026,Indonesia,"PCC (Portland composite, slag)",PCC,170.8,20.0,0.0,20.0,56.0,85.38,43.31,42.07,281.4,UCS,vector,1,
Patimban marine clay,Patimban marine clay,patimban2026,patimban2026,Indonesia,"PCC (Portland composite, slag)",PCC,106.7,30.0,0.0,30.0,1.0,85.38,43.31,42.07,273.7,UCS,vector,1,
Patimban marine clay,Patimban marine clay,patimban2026,patimban2026,Indonesia,"PCC (Portland composite, slag)",PCC,106.7,30.0,0.0,30.0,3.0,85.38,43.31,42.07,606.2,UCS,vector,1,
Patimban marine clay,Patimban marine clay,patimban2026,patimban2026,Indonesia,"PCC (Portland composite, slag)",PCC,106.7,30.0,0.0,30.0,7.0,85.38,43.31,42.07,785.0,UCS,vector,1,
Patimban marine clay,Patimban marine clay,patimban2026,patimban2026,Indonesia,"PCC (Portland composite, slag)",PCC,106.7,30.0,0.0,30.0,28.0,85.38,43.31,42.07,979.2,UCS,vector,1,
Patimban marine clay,Patimban marine clay,patimban2026,patimban2026,Indonesia,"PCC (Portland composite, slag)",PCC,106.7,30.0,0.0,30.0,56.0,85.38,43.31,42.07,1385.4,UCS,vector,1,
Patimban marine clay,Patimban marine clay,patimban2026,patimban2026,Indonesia,"PCC (Portland composite, slag)",PCC,128.1,30.0,0.0,30.0,1.0,85.38,43.31,42.07,236.5,UCS,vector,1,
Patimban marine clay,Patimban marine clay,patimban2026,patimban2026,Indonesia,"PCC (Portland composite, slag)",PCC,128.1,30.0,0.0,30.0,3.0,85.38,43.31,42.07,438.6,UCS,vector,1,
Patimban marine clay,Patimban marine clay,patimban2026,patimban2026,Indonesia,"PCC (Portland composite, slag)",PCC,128.1,30.0,0.0,30.0,7.0,85.38,43.31,42.07,705.2,UCS,vector,1,
Patimban marine clay,Patimban marine clay,patimban2026,patimban2026,Indonesia,"PCC (Portland composite, slag)",PCC,128.1,30.0,0.0,30.0,28.0,85.38,43.31,42.07,881.4,UCS,vector,1,
Patimban marine clay,Patimban marine clay,patimban2026,patimban2026,Indonesia,"PCC (Portland composite, slag)",PCC,128.1,30.0,0.0,30.0,56.0,85.38,43.31,42.07,1154.7,UCS,vector,1,
Patimban marine clay,Patimban marine clay,patimban2026,patimban2026,Indonesia,"PCC (Portland composite, slag)",PCC,85.4,30.0,0.0,30.0,1.0,85.38,43.31,42.07,325.3,UCS,vector,1,
Patimban marine clay,Patimban marine clay,patimban2026,patimban2026,Indonesia,"PCC (Portland composite, slag)",PCC,85.4,30.0,0.0,30.0,3.0,85.38,43.31,42.07,621.1,UCS,vector,1,
Patimban marine clay,Patimban marine clay,patimban2026,patimban2026,Indonesia,"PCC (Portland composite, slag)",PCC,85.4,30.0,0.0,30.0,7.0,85.38,43.31,42.07,869.1,UCS,vector,1,
Patimban marine clay,Patimban marine clay,patimban2026,patimban2026,Indonesia,"PCC (Portland composite, slag)",PCC,85.4,30.0,0.0,30.0,28.0,85.38,43.31,42.07,1155.0,UCS,vector,1,
Patimban marine clay,Patimban marine clay,patimban2026,patimban2026,Indonesia,"PCC (Portland composite, slag)",PCC,85.4,30.0,0.0,30.0,56.0,85.38,43.31,42.07,1452.2,UCS,vector,1,
Patimban marine clay,Patimban marine clay,patimban2026,patimban2026,Indonesia,"PCC (Portland composite, slag)",PCC,170.8,30.0,0.0,30.0,1.0,85.38,43.31,42.07,132.5,UCS,vector,1,
Patimban marine clay,Patimban marine clay,patimban2026,patimban2026,Indonesia,"PCC (Portland composite, slag)",PCC,170.8,30.0,0.0,30.0,3.0,85.38,43.31,42.07,261.4,UCS,vector,1,
Patimban marine clay,Patimban marine clay,patimban2026,patimban2026,Indonesia,"PCC (Portland composite, slag)",PCC,170.8,30.0,0.0,30.0,7.0,85.38,43.31,42.07,372.4,UCS,vector,1,
Patimban marine clay,Patimban marine clay,patimban2026,patimban2026,Indonesia,"PCC (Portland composite, slag)",PCC,170.8,30.0,0.0,30.0,28.0,85.38,43.31,42.07,492.1,UCS,vector,1,
Patimban marine clay,Patimban marine clay,patimban2026,patimban2026,Indonesia,"PCC (Portland composite, slag)",PCC,170.8,30.0,0.0,30.0,56.0,85.38,43.31,42.07,746.1,UCS,vector,1,
EPK kaolin,EPK kaolin,sasanian2011,sasanian2011,USA,OPC,OPC,60.0,0.98,0.0,0.98,28.0,61.0,36.0,25.0,2.6,UCS,vector (vane cu x2),1,
EPK kaolin,EPK kaolin,sasanian2011,sasanian2011,USA,OPC,OPC,60.0,2.0,0.0,2.0,28.0,61.0,36.0,25.0,8.7,UCS,vector (vane cu x2),2,
EPK kaolin,EPK kaolin,sasanian2011,sasanian2011,USA,OPC,OPC,60.0,4.2,0.0,4.2,28.0,61.0,36.0,25.0,65.4,UCS,vector (vane cu x2),2,
EPK kaolin,EPK kaolin,sasanian2011,sasanian2011,USA,OPC,OPC,60.0,8.7,0.0,8.7,28.0,61.0,36.0,25.0,180.1,UCS,vector (vane cu x2),2,
EPK kaolin,EPK kaolin,sasanian2011,sasanian2011,USA,OPC,OPC,60.0,11.1,0.0,11.1,28.0,61.0,36.0,25.0,297.9,UCS,vector (vane cu x2),2,
EPK kaolin,EPK kaolin,sasanian2011,sasanian2011,USA,OPC,OPC,86.0,2.0,0.0,2.0,28.0,61.0,36.0,25.0,2.3,UCS,vector (vane cu x2),2,
EPK kaolin,EPK kaolin,sasanian2011,sasanian2011,USA,OPC,OPC,86.0,4.2,0.0,4.2,28.0,61.0,36.0,25.0,28.5,UCS,vector (vane cu x2),2,
EPK kaolin,EPK kaolin,sasanian2011,sasanian2011,USA,OPC,OPC,86.0,6.4,0.0,6.4,28.0,61.0,36.0,25.0,74.8,UCS,vector (vane cu x2),1,
EPK kaolin,EPK kaolin,sasanian2011,sasanian2011,USA,OPC,OPC,86.0,8.7,0.0,8.7,28.0,61.0,36.0,25.0,106.25,UCS,vector (vane cu x2),2,
EPK kaolin,EPK kaolin,sasanian2011,sasanian2011,USA,OPC,OPC,86.0,11.1,0.0,11.1,28.0,61.0,36.0,25.0,203.75,UCS,vector (vane cu x2),2,
EPK kaolin,EPK kaolin,sasanian2011,sasanian2011,USA,OPC,OPC,111.0,4.2,0.0,4.2,28.0,61.0,36.0,25.0,8.5,UCS,vector (vane cu x2),1,
EPK kaolin,EPK kaolin,sasanian2011,sasanian2011,USA,OPC,OPC,111.0,5.04,0.0,5.04,28.0,61.0,36.0,25.0,15.1,UCS,vector (vane cu x2),1,
EPK kaolin,EPK kaolin,sasanian2011,sasanian2011,USA,OPC,OPC,111.0,8.7,0.0,8.7,28.0,61.0,36.0,25.0,36.0,UCS,vector (vane cu x2),1,
EPK kaolin,EPK kaolin,sasanian2011,sasanian2011,USA,OPC,OPC,111.0,9.97,0.0,9.97,28.0,61.0,36.0,25.0,75.1,UCS,vector (vane cu x2),1,
EPK kaolin,EPK kaolin,sasanian2011,sasanian2011,USA,OPC,OPC,111.0,11.1,0.0,11.1,28.0,61.0,36.0,25.0,82.6,UCS,vector (vane cu x2),1,
EPK kaolin,EPK kaolin,sasanian2011,sasanian2011,USA,OPC,OPC,136.0,4.2,0.0,4.2,28.0,61.0,36.0,25.0,2.65,UCS,vector (vane cu x2),2,
EPK kaolin,EPK kaolin,sasanian2011,sasanian2011,USA,OPC,OPC,136.0,8.7,0.0,8.7,28.0,61.0,36.0,25.0,17.549999999999997,UCS,vector (vane cu x2),2,
EPK kaolin,EPK kaolin,sasanian2011,sasanian2011,USA,OPC,OPC,136.0,11.1,0.0,11.1,28.0,61.0,36.0,25.0,34.1,UCS,vector (vane cu x2),2,
EPK kaolin,EPK kaolin,sasanian2011,sasanian2011,USA,OPC,OPC,136.0,13.6,0.0,13.6,28.0,61.0,36.0,25.0,50.4,UCS,vector (vane cu x2),1,
Nanticoke clay,Nanticoke clay,sasanian2011,sasanian2011,Canada,OPC,OPC,98.0,2.0,0.0,2.0,28.0,48.0,23.0,25.0,14.2,UCS,vector (vane cu x2),1,
Nanticoke clay,Nanticoke clay,sasanian2011,sasanian2011,Canada,OPC,OPC,98.0,4.2,0.0,4.2,28.0,48.0,23.0,25.0,46.7,UCS,vector (vane cu x2),1,
Nanticoke clay,Nanticoke clay,sasanian2011,sasanian2011,Canada,OPC,OPC,98.0,8.7,0.0,8.7,28.0,48.0,23.0,25.0,110.4,UCS,vector (vane cu x2),1,
Speswhite kaolin,Speswhite kaolin,sasanian2011,sasanian2011,UK,OPC,OPC,120.0,2.0,0.0,2.0,28.0,64.0,34.0,30.0,2.3,UCS,vector (vane cu x2),1,
Speswhite kaolin,Speswhite kaolin,sasanian2011,sasanian2011,UK,OPC,OPC,120.0,4.2,0.0,4.2,28.0,64.0,34.0,30.0,16.05,UCS,vector (vane cu x2),2,
Speswhite kaolin,Speswhite kaolin,sasanian2011,sasanian2011,UK,OPC,OPC,120.0,8.7,0.0,8.7,28.0,64.0,34.0,30.0,69.8,UCS,vector (vane cu x2),1,
Speswhite kaolin,Speswhite kaolin,sasanian2011,sasanian2011,UK,OPC,OPC,180.0,4.2,0.0,4.2,28.0,64.0,34.0,30.0,6.15,UCS,vector (vane cu x2),2,
Speswhite kaolin,Speswhite kaolin,sasanian2011,sasanian2011,UK,OPC,OPC,180.0,8.7,0.0,8.7,28.0,64.0,34.0,30.0,28.6,UCS,vector (vane cu x2),1,
EPK kaolin,EPK kaolin,sasanian2011,sasanian2011,USA,OPC,OPC,110.6,11.1,0.0,11.1,28.0,61.0,36.0,25.0,83.6,UCS,vector (vane cu x2),1,
EPK kaolin,EPK kaolin,sasanian2011,sasanian2011,USA,OPC,OPC,110.8,4.2,0.0,4.2,28.0,61.0,36.0,25.0,8.6,UCS,vector (vane cu x2),1,
EPK kaolin,EPK kaolin,sasanian2011,sasanian2011,USA,OPC,OPC,110.9,8.7,0.0,8.7,28.0,61.0,36.0,25.0,36.2,UCS,vector (vane cu x2),1,
Ottawa clay,Ottawa clay,sasanian2011,sasanian2011,Canada,OPC,OPC,59.7,2.0,0.0,2.0,28.0,52.0,24.0,28.0,50.2,UCS,vector (vane cu x2),1,
Ottawa clay,Ottawa clay,sasanian2011,sasanian2011,Canada,OPC,OPC,79.3,2.0,0.0,2.0,28.0,52.0,24.0,28.0,4.3,UCS,vector (vane cu x2),1,
Ottawa clay,Ottawa clay,sasanian2011,sasanian2011,Canada,OPC,OPC,79.7,6.4,0.0,6.4,28.0,52.0,24.0,28.0,319.9,UCS,vector (vane cu x2),1,
Ottawa clay,Ottawa clay,sasanian2011,sasanian2011,Canada,OPC,OPC,107.9,6.4,0.0,6.4,28.0,52.0,24.0,28.0,133.0,UCS,vector (vane cu x2),1,
Speswhite kaolin,Speswhite kaolin,sasanian2011,sasanian2011,UK,OPC,OPC,53.1,4.2,0.0,4.2,28.0,64.0,34.0,30.0,88.0,UCS,vector (vane cu x2),1,
Speswhite kaolin,Speswhite kaolin,sasanian2011,sasanian2011,UK,OPC,OPC,59.6,4.2,0.0,4.2,28.0,64.0,34.0,30.0,74.3,UCS,vector (vane cu x2),1,
Speswhite kaolin,Speswhite kaolin,sasanian2011,sasanian2011,UK,OPC,OPC,143.2,4.2,0.0,4.2,28.0,64.0,34.0,30.0,7.3,UCS,vector (vane cu x2),1,
Nanticoke clay,Nanticoke clay,sasanian2011,sasanian2011,Canada,OPC,OPC,98.0,2.0,0.0,2.0,1.0,48.0,23.0,25.0,4.2,UCS,vector (vane cu x2),1,
Nanticoke clay,Nanticoke clay,sasanian2011,sasanian2011,Canada,OPC,OPC,98.0,2.0,0.0,2.0,2.2,48.0,23.0,25.0,8.7,UCS,vector (vane cu x2),2,
Nanticoke clay,Nanticoke clay,sasanian2011,sasanian2011,Canada,OPC,OPC,98.0,2.0,0.0,2.0,5.9,48.0,23.0,25.0,12.1,UCS,vector (vane cu x2),1,
Nanticoke clay,Nanticoke clay,sasanian2011,sasanian2011,Canada,OPC,OPC,98.0,2.0,0.0,2.0,13.6,48.0,23.0,25.0,12.1,UCS,vector (vane cu x2),1,
Nanticoke clay,Nanticoke clay,sasanian2011,sasanian2011,Canada,OPC,OPC,98.0,2.0,0.0,2.0,32.9,48.0,23.0,25.0,13.2,UCS,vector (vane cu x2),1,
Nanticoke clay,Nanticoke clay,sasanian2011,sasanian2011,Canada,OPC,OPC,98.0,2.0,0.0,2.0,56.0,48.0,23.0,25.0,15.4,UCS,vector (vane cu x2),1,
Nanticoke clay,Nanticoke clay,sasanian2011,sasanian2011,Canada,OPC,OPC,98.0,2.0,0.0,2.0,109.7,48.0,23.0,25.0,17.7,UCS,vector (vane cu x2),1,
Nanticoke clay,Nanticoke clay,sasanian2011,sasanian2011,Canada,OPC,OPC,98.0,2.0,0.0,2.0,213.2,48.0,23.0,25.0,22.2,UCS,vector (vane cu x2),1,
Nanticoke clay,Nanticoke clay,sasanian2011,sasanian2011,Canada,OPC,OPC,98.0,2.0,0.0,2.0,355.5,48.0,23.0,25.0,25.6,UCS,vector (vane cu x2),1,
Nanticoke clay,Nanticoke clay,sasanian2011,sasanian2011,Canada,OPC,OPC,98.0,2.0,0.0,2.0,585.8,48.0,23.0,25.0,31.2,UCS,vector (vane cu x2),1,
Nanticoke clay,Nanticoke clay,sasanian2011,sasanian2011,Canada,OPC,OPC,98.0,2.0,0.0,2.0,812.2,48.0,23.0,25.0,33.4,UCS,vector (vane cu x2),1,
Nanticoke clay,Nanticoke clay,sasanian2011,sasanian2011,Canada,OPC,OPC,98.0,2.0,0.0,2.0,1226.8,48.0,23.0,25.0,37.9,UCS,vector (vane cu x2),1,
Nanticoke clay,Nanticoke clay,sasanian2011,sasanian2011,Canada,OPC,OPC,98.0,4.2,0.0,4.2,1.0,48.0,23.0,25.0,22.475,UCS,vector (vane cu x2),4,
Nanticoke clay,Nanticoke clay,sasanian2011,sasanian2011,Canada,OPC,OPC,98.0,4.2,0.0,4.2,4.1,48.0,23.0,25.0,41.9,UCS,vector (vane cu x2),1,
Nanticoke clay,Nanticoke clay,sasanian2011,sasanian2011,Canada,OPC,OPC,98.0,4.2,0.0,4.2,11.8,48.0,23.0,25.0,44.1,UCS,vector (vane cu x2),1,
Nanticoke clay,Nanticoke clay,sasanian2011,sasanian2011,Canada,OPC,OPC,98.0,4.2,0.0,4.2,54.0,48.0,23.0,25.0,54.2,UCS,vector (vane cu x2),1,
Nanticoke clay,Nanticoke clay,sasanian2011,sasanian2011,Canada,OPC,OPC,98.0,4.2,0.0,4.2,188.4,48.0,23.0,25.0,71.1,UCS,vector (vane cu x2),1,
Nanticoke clay,Nanticoke clay,sasanian2011,sasanian2011,Canada,OPC,OPC,98.0,4.2,0.0,4.2,311.2,48.0,23.0,25.0,90.2,UCS,vector (vane cu x2),1,
Nanticoke clay,Nanticoke clay,sasanian2011,sasanian2011,Canada,OPC,OPC,98.0,4.2,0.0,4.2,437.9,48.0,23.0,25.0,98.0,UCS,vector (vane cu x2),1,
Nanticoke clay,Nanticoke clay,sasanian2011,sasanian2011,Canada,OPC,OPC,98.0,4.2,0.0,4.2,556.9,48.0,23.0,25.0,104.8,UCS,vector (vane cu x2),1,
Nanticoke clay,Nanticoke clay,sasanian2011,sasanian2011,Canada,OPC,OPC,98.0,4.2,0.0,4.2,787.2,48.0,23.0,25.0,121.6,UCS,vector (vane cu x2),1,
Nanticoke clay,Nanticoke clay,sasanian2011,sasanian2011,Canada,OPC,OPC,98.0,4.2,0.0,4.2,1201.8,48.0,23.0,25.0,145.2,UCS,vector (vane cu x2),1,
Nanticoke clay,Nanticoke clay,sasanian2011,sasanian2011,Canada,OPC,OPC,98.0,8.7,0.0,8.7,1.0,48.0,23.0,25.0,27.9,UCS,vector (vane cu x2),1,
Nanticoke clay,Nanticoke clay,sasanian2011,sasanian2011,Canada,OPC,OPC,98.0,8.7,0.0,8.7,2.2,48.0,23.0,25.0,49.7,UCS,vector (vane cu x2),2,
Nanticoke clay,Nanticoke clay,sasanian2011,sasanian2011,Canada,OPC,OPC,98.0,8.7,0.0,8.7,5.9,48.0,23.0,25.0,79.5,UCS,vector (vane cu x2),1,
Nanticoke clay,Nanticoke clay,sasanian2011,sasanian2011,Canada,OPC,OPC,98.0,8.7,0.0,8.7,13.6,48.0,23.0,25.0,98.6,UCS,vector (vane cu x2),1,
Nanticoke clay,Nanticoke clay,sasanian2011,sasanian2011,Canada,OPC,OPC,98.0,8.7,0.0,8.7,29.0,48.0,23.0,25.0,119.9,UCS,vector (vane cu x2),1,
Nanticoke clay,Nanticoke clay,sasanian2011,sasanian2011,Canada,OPC,OPC,98.0,8.7,0.0,8.7,56.0,48.0,23.0,25.0,149.1,UCS,vector (vane cu x2),1,
Nanticoke clay,Nanticoke clay,sasanian2011,sasanian2011,Canada,OPC,OPC,98.0,8.7,0.0,8.7,209.6,48.0,23.0,25.0,193.0,UCS,vector (vane cu x2),1,
Nanticoke clay,Nanticoke clay,sasanian2011,sasanian2011,Canada,OPC,OPC,98.0,8.7,0.0,8.7,309.4,48.0,23.0,25.0,212.1,UCS,vector (vane cu x2),1,
Nanticoke clay,Nanticoke clay,sasanian2011,sasanian2011,Canada,OPC,OPC,98.0,8.7,0.0,8.7,455.3,48.0,23.0,25.0,255.9,UCS,vector (vane cu x2),1,
Nanticoke clay,Nanticoke clay,sasanian2011,sasanian2011,Canada,OPC,OPC,98.0,8.7,0.0,8.7,574.1,48.0,23.0,25.0,287.4,UCS,vector (vane cu x2),1,
Nanticoke clay,Nanticoke clay,sasanian2011,sasanian2011,Canada,OPC,OPC,98.0,8.7,0.0,8.7,808.2,48.0,23.0,25.0,309.9,UCS,vector (vane cu x2),1,
VT artificial lean clay,VT artificial lean clay (Ju base soil 1),bennett2019_vt,Virginia Tech,USA,OPC,OPC,46.0,10.9,0.0,10.9,10.0,35.0,13.0,22.0,1293.0,UCS,table,1,laboratory-made soil
VT artificial lean clay,VT artificial lean clay (Ju base soil 1),bennett2019_vt,Virginia Tech,USA,OPC,OPC,46.0,10.9,0.0,10.9,44.0,35.0,13.0,22.0,1763.0,UCS,table,1,laboratory-made soil
VT artificial lean clay,VT artificial lean clay (Ju base soil 1),bennett2019_vt,Virginia Tech,USA,OPC,OPC,46.3,11.3,0.0,11.3,7.0,35.0,13.0,22.0,957.0,UCS,table,1,laboratory-made soil
VT artificial lean clay,VT artificial lean clay (Ju base soil 1),bennett2019_vt,Virginia Tech,USA,OPC,OPC,46.3,11.3,0.0,11.3,16.0,35.0,13.0,22.0,1643.0,UCS,table,1,laboratory-made soil
VT artificial lean clay,VT artificial lean clay (Ju base soil 1),bennett2019_vt,Virginia Tech,USA,OPC,OPC,46.3,11.3,0.0,11.3,28.0,35.0,13.0,22.0,2208.0,UCS,table,1,laboratory-made soil
VT artificial lean clay,VT artificial lean clay (Ju base soil 1),bennett2019_vt,Virginia Tech,USA,OPC,OPC,61.5,39.2,0.0,39.2,7.0,35.0,13.0,22.0,4657.0,UCS,table,1,laboratory-made soil
VT artificial lean clay,VT artificial lean clay (Ju base soil 1),bennett2019_vt,Virginia Tech,USA,OPC,OPC,61.5,39.2,0.0,39.2,15.0,35.0,13.0,22.0,6245.0,UCS,table,1,laboratory-made soil
VT artificial lean clay,VT artificial lean clay (Ju base soil 1),bennett2019_vt,Virginia Tech,USA,OPC,OPC,61.5,39.2,0.0,39.2,28.0,35.0,13.0,22.0,7032.0,UCS,table,1,laboratory-made soil
VT artificial lean clay,VT artificial lean clay (Ju base soil 1),bennett2019_vt,Virginia Tech,USA,OPC,OPC,54.8,19.7,0.0,19.7,8.0,35.0,13.0,22.0,1062.0,UCS,table,1,laboratory-made soil
VT artificial lean clay,VT artificial lean clay (Ju base soil 1),bennett2019_vt,Virginia Tech,USA,OPC,OPC,54.8,19.7,0.0,19.7,14.0,35.0,13.0,22.0,1842.0,UCS,table,1,laboratory-made soil
VT artificial lean clay,VT artificial lean clay (Ju base soil 1),bennett2019_vt,Virginia Tech,USA,OPC,OPC,54.8,19.7,0.0,19.7,33.0,35.0,13.0,22.0,2095.0,UCS,table,1,laboratory-made soil
VT artificial lean clay,VT artificial lean clay (Ju base soil 1),bennett2019_vt,Virginia Tech,USA,OPC,OPC,81.9,46.8,0.0,46.8,8.0,35.0,13.0,22.0,3089.0,UCS,table,1,laboratory-made soil
VT artificial lean clay,VT artificial lean clay (Ju base soil 1),bennett2019_vt,Virginia Tech,USA,OPC,OPC,81.9,46.8,0.0,46.8,14.0,35.0,13.0,22.0,3851.0,UCS,table,1,laboratory-made soil
VT artificial lean clay,VT artificial lean clay (Ju base soil 1),bennett2019_vt,Virginia Tech,USA,OPC,OPC,81.9,46.8,0.0,46.8,33.0,35.0,13.0,22.0,4953.0,UCS,table,1,laboratory-made soil
VT artificial lean clay,VT artificial lean clay (Ju base soil 1),ju2018_vt,Virginia Tech,USA,OPC,OPC,45.9,18.18,0.0,18.18,3.0,35.0,13.0,22.0,1862.6,UCS,table,1,laboratory-made soil
VT artificial lean clay,VT artificial lean clay (Ju base soil 1),ju2018_vt,Virginia Tech,USA,OPC,OPC,45.9,18.18,0.0,18.18,7.0,35.0,13.0,22.0,2570.0,UCS,table,1,laboratory-made soil
VT artificial lean clay,VT artificial lean clay (Ju base soil 1),ju2018_vt,Virginia Tech,USA,OPC,OPC,45.9,18.18,0.0,18.18,14.0,35.0,13.0,22.0,3219.2,UCS,table,1,laboratory-made soil
VT artificial lean clay,VT artificial lean clay (Ju base soil 1),ju2018_vt,Virginia Tech,USA,OPC,OPC,45.9,18.18,0.0,18.18,28.0,35.0,13.0,22.0,3802.1,UCS,table,1,laboratory-made soil
VT artificial lean clay,VT artificial lean clay (Ju base soil 1),ju2018_vt,Virginia Tech,USA,OPC,OPC,57.6,37.37,0.0,37.37,3.0,35.0,13.0,22.0,4398.9,UCS,table,1,laboratory-made soil
VT artificial lean clay,VT artificial lean clay (Ju base soil 1),ju2018_vt,Virginia Tech,USA,OPC,OPC,57.6,37.37,0.0,37.37,7.0,35.0,13.0,22.0,5325.5,UCS,table,1,laboratory-made soil
VT artificial lean clay,VT artificial lean clay (Ju base soil 1),ju2018_vt,Virginia Tech,USA,OPC,OPC,57.6,37.37,0.0,37.37,14.0,35.0,13.0,22.0,6911.0,UCS,table,1,laboratory-made soil
VT artificial lean clay,VT artificial lean clay (Ju base soil 1),ju2018_vt,Virginia Tech,USA,OPC,OPC,57.6,37.37,0.0,37.37,28.0,35.0,13.0,22.0,8125.5,UCS,table,1,laboratory-made soil
VT artificial lean clay,VT artificial lean clay (Ju base soil 1),ju2018_vt,Virginia Tech,USA,OPC,OPC,45.9,10.89,0.0,10.89,3.0,35.0,13.0,22.0,765.7,UCS,table,1,laboratory-made soil
VT artificial lean clay,VT artificial lean clay (Ju base soil 1),ju2018_vt,Virginia Tech,USA,OPC,OPC,45.9,10.89,0.0,10.89,7.0,35.0,13.0,22.0,1074.9,UCS,table,1,laboratory-made soil
VT artificial lean clay,VT artificial lean clay (Ju base soil 1),ju2018_vt,Virginia Tech,USA,OPC,OPC,45.9,10.89,0.0,10.89,14.0,35.0,13.0,22.0,1307.9,UCS,table,1,laboratory-made soil
VT artificial lean clay,VT artificial lean clay (Ju base soil 1),ju2018_vt,Virginia Tech,USA,OPC,OPC,45.9,10.89,0.0,10.89,28.0,35.0,13.0,22.0,1455.8,UCS,table,1,laboratory-made soil
VT artificial lean clay,VT artificial lean clay (Ju base soil 1),ju2018_vt,Virginia Tech,USA,OPC,OPC,81.8,46.84,0.0,46.84,3.0,35.0,13.0,22.0,2671.4,UCS,table,1,laboratory-made soil
VT artificial lean clay,VT artificial lean clay (Ju base soil 1),ju2018_vt,Virginia Tech,USA,OPC,OPC,81.8,46.84,0.0,46.84,7.0,35.0,13.0,22.0,3688.0,UCS,table,1,laboratory-made soil
VT artificial lean clay,VT artificial lean clay (Ju base soil 1),ju2018_vt,Virginia Tech,USA,OPC,OPC,81.8,46.84,0.0,46.84,14.0,35.0,13.0,22.0,4464.7,UCS,table,1,laboratory-made soil
VT artificial lean clay,VT artificial lean clay (Ju base soil 1),ju2018_vt,Virginia Tech,USA,OPC,OPC,81.8,46.84,0.0,46.84,28.0,35.0,13.0,22.0,5484.4,UCS,table,1,laboratory-made soil
VT artificial lean clay,VT artificial lean clay (Ju base soil 1),ju2018_vt,Virginia Tech,USA,OPC,OPC,51.1,11.48,0.0,11.48,3.0,35.0,13.0,22.0,602.3,UCS,table,1,laboratory-made soil
VT artificial lean clay,VT artificial lean clay (Ju base soil 1),ju2018_vt,Virginia Tech,USA,OPC,OPC,51.1,11.48,0.0,11.48,7.0,35.0,13.0,22.0,813.9,UCS,table,1,laboratory-made soil
VT artificial lean clay,VT artificial lean clay (Ju base soil 1),ju2018_vt,Virginia Tech,USA,OPC,OPC,51.1,11.48,0.0,11.48,14.0,35.0,13.0,22.0,1024.6,UCS,table,1,laboratory-made soil
VT artificial lean clay,VT artificial lean clay (Ju base soil 1),ju2018_vt,Virginia Tech,USA,OPC,OPC,51.1,11.48,0.0,11.48,28.0,35.0,13.0,22.0,1251.7,UCS,table,1,laboratory-made soil
VT artificial lean clay,VT artificial lean clay (Ju base soil 1),ju2018_vt,Virginia Tech,USA,OPC,OPC,87.8,37.72,0.0,37.72,3.0,35.0,13.0,22.0,1138.7,UCS,table,1,laboratory-made soil
VT artificial lean clay,VT artificial lean clay (Ju base soil 1),ju2018_vt,Virginia Tech,USA,OPC,OPC,87.8,37.72,0.0,37.72,7.0,35.0,13.0,22.0,1641.6,UCS,table,1,laboratory-made soil
VT artificial lean clay,VT artificial lean clay (Ju base soil 1),ju2018_vt,Virginia Tech,USA,OPC,OPC,87.8,37.72,0.0,37.72,14.0,35.0,13.0,22.0,1962.9,UCS,table,1,laboratory-made soil
VT artificial lean clay,VT artificial lean clay (Ju base soil 1),ju2018_vt,Virginia Tech,USA,OPC,OPC,87.8,37.72,0.0,37.72,28.0,35.0,13.0,22.0,2465.9,UCS,table,1,laboratory-made soil
VT artificial fat clay,VT artificial fat clay (Ju base soil 2),ju2018_vt,Virginia Tech,USA,OPC,OPC,80.0,25.01,0.0,25.01,3.0,65.0,19.0,46.0,773.2,UCS,table,1,laboratory-made soil
VT artificial fat clay,VT artificial fat clay (Ju base soil 2),ju2018_vt,Virginia Tech,USA,OPC,OPC,80.0,25.01,0.0,25.01,7.0,65.0,19.0,46.0,1209.0,UCS,table,1,laboratory-made soil
VT artificial fat clay,VT artificial fat clay (Ju base soil 2),ju2018_vt,Virginia Tech,USA,OPC,OPC,80.0,25.01,0.0,25.01,14.0,65.0,19.0,46.0,1534.4,UCS,table,1,laboratory-made soil
VT artificial fat clay,VT artificial fat clay (Ju base soil 2),ju2018_vt,Virginia Tech,USA,OPC,OPC,80.0,25.01,0.0,25.01,28.0,65.0,19.0,46.0,1786.4,UCS,table,1,laboratory-made soil
VT artificial fat clay,VT artificial fat clay (Ju base soil 2),ju2018_vt,Virginia Tech,USA,OPC,OPC,87.8,38.0,0.0,38.0,3.0,65.0,19.0,46.0,1215.2,UCS,table,1,laboratory-made soil
VT artificial fat clay,VT artificial fat clay (Ju base soil 2),ju2018_vt,Virginia Tech,USA,OPC,OPC,87.8,38.0,0.0,38.0,7.0,65.0,19.0,46.0,1889.5,UCS,table,1,laboratory-made soil
VT artificial fat clay,VT artificial fat clay (Ju base soil 2),ju2018_vt,Virginia Tech,USA,OPC,OPC,87.8,38.0,0.0,38.0,14.0,65.0,19.0,46.0,2459.4,UCS,table,1,laboratory-made soil
VT artificial fat clay,VT artificial fat clay (Ju base soil 2),ju2018_vt,Virginia Tech,USA,OPC,OPC,87.8,38.0,0.0,38.0,28.0,65.0,19.0,46.0,2926.8,UCS,table,1,laboratory-made soil
VT artificial fat clay,VT artificial fat clay (Ju base soil 2),ju2018_vt,Virginia Tech,USA,OPC,OPC,97.4,53.97,0.0,53.97,3.0,65.0,19.0,46.0,2461.4,UCS,table,1,laboratory-made soil
VT artificial fat clay,VT artificial fat clay (Ju base soil 2),ju2018_vt,Virginia Tech,USA,OPC,OPC,97.4,53.97,0.0,53.97,7.0,65.0,19.0,46.0,2978.2,UCS,table,1,laboratory-made soil
VT artificial fat clay,VT artificial fat clay (Ju base soil 2),ju2018_vt,Virginia Tech,USA,OPC,OPC,97.4,53.97,0.0,53.97,14.0,65.0,19.0,46.0,3488.7,UCS,table,1,laboratory-made soil
VT artificial fat clay,VT artificial fat clay (Ju base soil 2),ju2018_vt,Virginia Tech,USA,OPC,OPC,97.4,53.97,0.0,53.97,28.0,65.0,19.0,46.0,4184.1,UCS,table,1,laboratory-made soil
VT artificial fat clay,VT artificial fat clay (Ju base soil 2),ju2018_vt,Virginia Tech,USA,OPC,OPC,80.3,15.24,0.0,15.24,3.0,65.0,19.0,46.0,393.3,UCS,table,1,laboratory-made soil
VT artificial fat clay,VT artificial fat clay (Ju base soil 2),ju2018_vt,Virginia Tech,USA,OPC,OPC,80.3,15.24,0.0,15.24,7.0,65.0,19.0,46.0,580.9,UCS,table,1,laboratory-made soil
VT artificial fat clay,VT artificial fat clay (Ju base soil 2),ju2018_vt,Virginia Tech,USA,OPC,OPC,80.3,15.24,0.0,15.24,14.0,65.0,19.0,46.0,723.9,UCS,table,1,laboratory-made soil
VT artificial fat clay,VT artificial fat clay (Ju base soil 2),ju2018_vt,Virginia Tech,USA,OPC,OPC,80.3,15.24,0.0,15.24,28.0,65.0,19.0,46.0,864.6,UCS,table,1,laboratory-made soil
VT artificial fat clay,VT artificial fat clay (Ju base soil 2),ju2018_vt,Virginia Tech,USA,OPC,OPC,93.5,27.85,0.0,27.85,3.0,65.0,19.0,46.0,553.0,UCS,table,1,laboratory-made soil
VT artificial fat clay,VT artificial fat clay (Ju base soil 2),ju2018_vt,Virginia Tech,USA,OPC,OPC,93.5,27.85,0.0,27.85,7.0,65.0,19.0,46.0,796.3,UCS,table,1,laboratory-made soil
VT artificial fat clay,VT artificial fat clay (Ju base soil 2),ju2018_vt,Virginia Tech,USA,OPC,OPC,93.5,27.85,0.0,27.85,14.0,65.0,19.0,46.0,1069.0,UCS,table,1,laboratory-made soil
VT artificial fat clay,VT artificial fat clay (Ju base soil 2),ju2018_vt,Virginia Tech,USA,OPC,OPC,93.5,27.85,0.0,27.85,28.0,65.0,19.0,46.0,1285.9,UCS,table,1,laboratory-made soil
VT artificial fat clay,VT artificial fat clay (Ju base soil 2),ju2018_vt,Virginia Tech,USA,OPC,OPC,109.1,44.09,0.0,44.09,3.0,65.0,19.0,46.0,968.0,UCS,table,1,laboratory-made soil
VT artificial fat clay,VT artificial fat clay (Ju base soil 2),ju2018_vt,Virginia Tech,USA,OPC,OPC,109.1,44.09,0.0,44.09,7.0,65.0,19.0,46.0,1332.8,UCS,table,1,laboratory-made soil
VT artificial fat clay,VT artificial fat clay (Ju base soil 2),ju2018_vt,Virginia Tech,USA,OPC,OPC,109.1,44.09,0.0,44.09,14.0,65.0,19.0,46.0,1708.5,UCS,table,1,laboratory-made soil
VT artificial fat clay,VT artificial fat clay (Ju base soil 2),ju2018_vt,Virginia Tech,USA,OPC,OPC,109.1,44.09,0.0,44.09,28.0,65.0,19.0,46.0,2071.5,UCS,table,1,laboratory-made soil
VT artificial fat clay,VT artificial fat clay (Ju base soil 2),ju2018_vt,Virginia Tech,USA,OPC,OPC,131.2,66.18,0.0,66.18,3.0,65.0,19.0,46.0,1460.3,UCS,table,1,laboratory-made soil
VT artificial fat clay,VT artificial fat clay (Ju base soil 2),ju2018_vt,Virginia Tech,USA,OPC,OPC,131.2,66.18,0.0,66.18,7.0,65.0,19.0,46.0,1931.2,UCS,table,1,laboratory-made soil
VT artificial fat clay,VT artificial fat clay (Ju base soil 2),ju2018_vt,Virginia Tech,USA,OPC,OPC,131.2,66.18,0.0,66.18,14.0,65.0,19.0,46.0,2156.0,UCS,table,1,laboratory-made soil
VT artificial fat clay,VT artificial fat clay (Ju base soil 2),ju2018_vt,Virginia Tech,USA,OPC,OPC,131.2,66.18,0.0,66.18,28.0,65.0,19.0,46.0,2657.2,UCS,table,1,laboratory-made soil
VT artificial fat clay,VT artificial fat clay (Ju base soil 2),ju2018_vt,Virginia Tech,USA,OPC,OPC,90.0,16.59,0.0,16.59,3.0,65.0,19.0,46.0,298.9,UCS,table,1,laboratory-made soil
VT artificial fat clay,VT artificial fat clay (Ju base soil 2),ju2018_vt,Virginia Tech,USA,OPC,OPC,90.0,16.59,0.0,16.59,7.0,65.0,19.0,46.0,434.0,UCS,table,1,laboratory-made soil
VT artificial fat clay,VT artificial fat clay (Ju base soil 2),ju2018_vt,Virginia Tech,USA,OPC,OPC,90.0,16.59,0.0,16.59,14.0,65.0,19.0,46.0,563.6,UCS,table,1,laboratory-made soil
VT artificial fat clay,VT artificial fat clay (Ju base soil 2),ju2018_vt,Virginia Tech,USA,OPC,OPC,90.0,16.59,0.0,16.59,28.0,65.0,19.0,46.0,677.1,UCS,table,1,laboratory-made soil
VT artificial fat clay,VT artificial fat clay (Ju base soil 2),ju2018_vt,Virginia Tech,USA,OPC,OPC,108.8,31.25,0.0,31.25,3.0,65.0,19.0,46.0,368.9,UCS,table,1,laboratory-made soil
VT artificial fat clay,VT artificial fat clay (Ju base soil 2),ju2018_vt,Virginia Tech,USA,OPC,OPC,108.8,31.25,0.0,31.25,7.0,65.0,19.0,46.0,601.6,UCS,table,1,laboratory-made soil
VT artificial fat clay,VT artificial fat clay (Ju base soil 2),ju2018_vt,Virginia Tech,USA,OPC,OPC,108.8,31.25,0.0,31.25,14.0,65.0,19.0,46.0,815.6,UCS,table,1,laboratory-made soil
VT artificial fat clay,VT artificial fat clay (Ju base soil 2),ju2018_vt,Virginia Tech,USA,OPC,OPC,108.8,31.25,0.0,31.25,28.0,65.0,19.0,46.0,1024.2,UCS,table,1,laboratory-made soil
VT artificial fat clay,VT artificial fat clay (Ju base soil 2),ju2018_vt,Virginia Tech,USA,OPC,OPC,139.9,53.52,0.0,53.52,3.0,65.0,19.0,46.0,557.8,UCS,table,1,laboratory-made soil
VT artificial fat clay,VT artificial fat clay (Ju base soil 2),ju2018_vt,Virginia Tech,USA,OPC,OPC,139.9,53.52,0.0,53.52,7.0,65.0,19.0,46.0,834.6,UCS,table,1,laboratory-made soil
VT artificial fat clay,VT artificial fat clay (Ju base soil 2),ju2018_vt,Virginia Tech,USA,OPC,OPC,139.9,53.52,0.0,53.52,14.0,65.0,19.0,46.0,1083.9,UCS,table,1,laboratory-made soil
VT artificial fat clay,VT artificial fat clay (Ju base soil 2),ju2018_vt,Virginia Tech,USA,OPC,OPC,139.9,53.52,0.0,53.52,28.0,65.0,19.0,46.0,1265.2,UCS,table,1,laboratory-made soil
VT artificial lean clay,VT artificial lean clay (Ju base soil 1),ju2023_vt,Virginia Tech,USA,OPC,OPC,66.5,31.21,0.0,31.21,14.0,35.0,13.0,22.0,2796.0,UCS,table,1,laboratory-made soil
VT artificial lean clay,VT artificial lean clay (Ju base soil 1),ju2023_vt,Virginia Tech,USA,OPC,OPC,66.5,31.21,0.0,31.21,28.0,35.0,13.0,22.0,3551.0,UCS,table,1,laboratory-made soil
VT artificial lean clay,VT artificial lean clay (Ju base soil 1),ju2023_vt,Virginia Tech,USA,OPC,OPC,46.4,11.01,0.0,11.01,180.0,35.0,13.0,22.0,3414.0,UCS,table,1,laboratory-made soil
VT artificial lean clay,VT artificial lean clay (Ju base soil 1),ju2023_vt,Virginia Tech,USA,OPC,OPC,46.4,11.01,0.0,11.01,400.0,35.0,13.0,22.0,4697.0,UCS,table,1,laboratory-made soil
VT artificial lean clay,VT artificial lean clay (Ju base soil 1),ju2023_vt,Virginia Tech,USA,OPC,OPC,81.9,46.89,0.0,46.89,182.0,35.0,13.0,22.0,6462.0,UCS,table,1,laboratory-made soil
VT artificial lean clay,VT artificial lean clay (Ju base soil 1),ju2023_vt,Virginia Tech,USA,OPC,OPC,81.9,46.89,0.0,46.89,400.0,35.0,13.0,22.0,7596.0,UCS,table,1,laboratory-made soil
VT artificial lean clay,VT artificial lean clay (Ju base soil 1),ju2023_vt,Virginia Tech,USA,OPC,OPC,51.2,26.5,0.0,26.5,177.0,35.0,13.0,22.0,7433.0,UCS,table,1,laboratory-made soil
VT artificial lean clay,VT artificial lean clay (Ju base soil 1),ju2023_vt,Virginia Tech,USA,OPC,OPC,51.2,26.5,0.0,26.5,396.0,35.0,13.0,22.0,9526.0,UCS,table,1,laboratory-made soil
VT artificial lean clay,VT artificial lean clay (Ju base soil 1),ju2023_vt,Virginia Tech,USA,OPC,OPC,66.4,22.09,0.0,22.09,180.0,35.0,13.0,22.0,2746.0,UCS,table,1,laboratory-made soil
VT artificial lean clay,VT artificial lean clay (Ju base soil 1),ju2023_vt,Virginia Tech,USA,OPC,OPC,66.4,22.09,0.0,22.09,395.0,35.0,13.0,22.0,4126.0,UCS,table,1,laboratory-made soil
VT artificial lean clay,VT artificial lean clay (Ju base soil 1),ju2023_vt,Virginia Tech,USA,OPC,OPC,54.4,19.36,0.0,19.36,7.0,35.0,13.0,22.0,1383.0,UCS,table,1,laboratory-made soil
VT artificial lean clay,VT artificial lean clay (Ju base soil 1),ju2023_vt,Virginia Tech,USA,OPC,OPC,54.4,19.36,0.0,19.36,28.0,35.0,13.0,22.0,2294.0,UCS,table,1,laboratory-made soil
VT artificial lean clay,VT artificial lean clay (Ju base soil 1),ju2023_vt,Virginia Tech,USA,OPC,OPC,54.4,19.36,0.0,19.36,180.0,35.0,13.0,22.0,3382.0,UCS,table,1,laboratory-made soil
VT artificial lean clay,VT artificial lean clay (Ju base soil 1),ju2023_vt,Virginia Tech,USA,OPC,OPC,54.4,19.36,0.0,19.36,365.0,35.0,13.0,22.0,5135.0,UCS,table,1,laboratory-made soil
VT artificial lean clay,VT artificial lean clay (Ju base soil 1),ju2023_vt,Virginia Tech,USA,OPC,OPC,66.6,31.42,0.0,31.42,7.0,35.0,13.0,22.0,2168.0,UCS,table,1,laboratory-made soil
VT artificial lean clay,VT artificial lean clay (Ju base soil 1),ju2023_vt,Virginia Tech,USA,OPC,OPC,66.6,31.42,0.0,31.42,28.0,35.0,13.0,22.0,3556.0,UCS,table,1,laboratory-made soil
VT artificial lean clay,VT artificial lean clay (Ju base soil 1),ju2023_vt,Virginia Tech,USA,OPC,OPC,66.6,31.42,0.0,31.42,180.0,35.0,13.0,22.0,4854.0,UCS,table,1,laboratory-made soil
VT artificial lean clay,VT artificial lean clay (Ju base soil 1),ju2023_vt,Virginia Tech,USA,OPC,OPC,66.6,31.42,0.0,31.42,365.0,35.0,13.0,22.0,5671.0,UCS,table,1,laboratory-made soil
VT artificial lean clay,VT artificial lean clay (Ju base soil 1),ju2023_vt,Virginia Tech,USA,OPC,OPC,44.2,9.06,0.0,9.06,28.0,35.0,13.0,22.0,1407.0,UCS,table,1,laboratory-made soil
VT artificial lean clay,VT artificial lean clay (Ju base soil 1),ju2023_vt,Virginia Tech,USA,OPC,OPC,44.2,9.06,0.0,9.06,180.0,35.0,13.0,22.0,2792.0,UCS,table,1,laboratory-made soil
VT artificial lean clay,VT artificial lean clay (Ju base soil 1),ju2023_vt,Virginia Tech,USA,OPC,OPC,44.2,9.06,0.0,9.06,365.0,35.0,13.0,22.0,3512.0,UCS,table,1,laboratory-made soil
VT artificial lean clay,VT artificial lean clay (Ju base soil 1),ju2023_vt,Virginia Tech,USA,OPC,OPC,82.0,47.04,0.0,47.04,7.0,35.0,13.0,22.0,3674.0,UCS,table,1,laboratory-made soil
VT artificial lean clay,VT artificial lean clay (Ju base soil 1),ju2023_vt,Virginia Tech,USA,OPC,OPC,82.0,47.04,0.0,47.04,28.0,35.0,13.0,22.0,5326.0,UCS,table,1,laboratory-made soil
VT artificial lean clay,VT artificial lean clay (Ju base soil 1),ju2023_vt,Virginia Tech,USA,OPC,OPC,82.0,47.04,0.0,47.04,180.0,35.0,13.0,22.0,6530.0,UCS,table,1,laboratory-made soil
VT artificial lean clay,VT artificial lean clay (Ju base soil 1),ju2023_vt,Virginia Tech,USA,OPC,OPC,82.0,47.04,0.0,47.04,365.0,35.0,13.0,22.0,8280.0,UCS,table,1,laboratory-made soil
VT artificial lean clay,VT artificial lean clay + 0.2% tannic acid (Ju FOS),ju2023_vt,Virginia Tech,USA,OPC,OPC,45.7,17.76,0.0,17.76,3.0,36.5,15.1,21.4,648.0,UCS,table,1,laboratory-made soil
VT artificial lean clay,VT artificial lean clay + 0.2% tannic acid (Ju FOS),ju2023_vt,Virginia Tech,USA,OPC,OPC,45.7,17.76,0.0,17.76,7.0,36.5,15.1,21.4,1892.0,UCS,table,1,laboratory-made soil
VT artificial lean clay,VT artificial lean clay + 0.2% tannic acid (Ju FOS),ju2023_vt,Virginia Tech,USA,OPC,OPC,45.7,17.76,0.0,17.76,14.0,36.5,15.1,21.4,2295.0,UCS,table,1,laboratory-made soil
VT artificial lean clay,VT artificial lean clay + 0.2% tannic acid (Ju FOS),ju2023_vt,Virginia Tech,USA,OPC,OPC,45.7,17.76,0.0,17.76,28.0,36.5,15.1,21.4,2874.0,UCS,table,1,laboratory-made soil
VT artificial lean clay,VT artificial lean clay + 0.2% tannic acid (Ju FOS),ju2023_vt,Virginia Tech,USA,OPC,OPC,90.3,38.46,0.0,38.46,3.0,36.5,15.1,21.4,460.0,UCS,table,1,laboratory-made soil
VT artificial lean clay,VT artificial lean clay + 0.2% tannic acid (Ju FOS),ju2023_vt,Virginia Tech,USA,OPC,OPC,90.3,38.46,0.0,38.46,7.0,36.5,15.1,21.4,1250.0,UCS,table,1,laboratory-made soil
VT artificial lean clay,VT artificial lean clay + 0.2% tannic acid (Ju FOS),ju2023_vt,Virginia Tech,USA,OPC,OPC,90.3,38.46,0.0,38.46,14.0,36.5,15.1,21.4,1646.0,UCS,table,1,laboratory-made soil
VT artificial lean clay,VT artificial lean clay + 0.2% tannic acid (Ju FOS),ju2023_vt,Virginia Tech,USA,OPC,OPC,90.3,38.46,0.0,38.46,28.0,36.5,15.1,21.4,2226.0,UCS,table,1,laboratory-made soil
VT artificial lean clay,VT artificial lean clay + 0.2% tannic acid (Ju FOS),ju2023_vt,Virginia Tech,USA,OPC,OPC,49.2,9.07,0.0,9.07,3.0,36.5,15.1,21.4,142.0,UCS,table,1,laboratory-made soil
VT artificial lean clay,VT artificial lean clay + 0.2% tannic acid (Ju FOS),ju2023_vt,Virginia Tech,USA,OPC,OPC,49.2,9.07,0.0,9.07,7.0,36.5,15.1,21.4,318.0,UCS,table,1,laboratory-made soil
VT artificial lean clay,VT artificial lean clay + 0.2% tannic acid (Ju FOS),ju2023_vt,Virginia Tech,USA,OPC,OPC,49.2,9.07,0.0,9.07,14.0,36.5,15.1,21.4,466.0,UCS,table,1,laboratory-made soil
VT artificial lean clay,VT artificial lean clay + 0.2% tannic acid (Ju FOS),ju2023_vt,Virginia Tech,USA,OPC,OPC,49.2,9.07,0.0,9.07,28.0,36.5,15.1,21.4,660.0,UCS,table,1,laboratory-made soil
VT artificial lean clay,VT artificial lean clay + 0.2% tannic acid (Ju FOS),ju2023_vt,Virginia Tech,USA,OPC,OPC,53.1,27.0,0.0,27.0,3.0,36.5,15.1,21.4,1382.0,UCS,table,1,laboratory-made soil
VT artificial lean clay,VT artificial lean clay + 0.2% tannic acid (Ju FOS),ju2023_vt,Virginia Tech,USA,OPC,OPC,53.1,27.0,0.0,27.0,7.0,36.5,15.1,21.4,2638.0,UCS,table,1,laboratory-made soil
VT artificial lean clay,VT artificial lean clay + 0.2% tannic acid (Ju FOS),ju2023_vt,Virginia Tech,USA,OPC,OPC,53.1,27.0,0.0,27.0,14.0,36.5,15.1,21.4,3289.0,UCS,table,1,laboratory-made soil
VT artificial lean clay,VT artificial lean clay + 0.2% tannic acid (Ju FOS),ju2023_vt,Virginia Tech,USA,OPC,OPC,53.1,27.0,0.0,27.0,28.0,36.5,15.1,21.4,3846.0,UCS,table,1,laboratory-made soil
VT artificial lean clay,VT artificial lean clay + 0.2% tannic acid (Ju FOS),ju2023_vt,Virginia Tech,USA,OPC,OPC,57.4,37.27,0.0,37.27,3.0,36.5,15.1,21.4,3268.0,UCS,table,1,laboratory-made soil
VT artificial lean clay,VT artificial lean clay + 0.2% tannic acid (Ju FOS),ju2023_vt,Virginia Tech,USA,OPC,OPC,57.4,37.27,0.0,37.27,7.0,36.5,15.1,21.4,4419.0,UCS,table,1,laboratory-made soil
VT artificial lean clay,VT artificial lean clay + 0.2% tannic acid (Ju FOS),ju2023_vt,Virginia Tech,USA,OPC,OPC,57.4,37.27,0.0,37.27,14.0,36.5,15.1,21.4,5281.0,UCS,table,1,laboratory-made soil
VT artificial lean clay,VT artificial lean clay + 0.2% tannic acid (Ju FOS),ju2023_vt,Virginia Tech,USA,OPC,OPC,57.4,37.27,0.0,37.27,28.0,36.5,15.1,21.4,6484.0,UCS,table,1,laboratory-made soil
VT artificial lean clay,VT artificial lean clay + 0.2% tannic acid (Ju FOS),ju2023_vt,Virginia Tech,USA,OPC,OPC,47.8,11.18,0.0,11.18,3.0,36.5,15.1,21.4,369.0,UCS,table,1,laboratory-made soil
VT artificial lean clay,VT artificial lean clay + 0.2% tannic acid (Ju FOS),ju2023_vt,Virginia Tech,USA,OPC,OPC,47.8,11.18,0.0,11.18,7.0,36.5,15.1,21.4,628.0,UCS,table,1,laboratory-made soil
VT artificial lean clay,VT artificial lean clay + 0.2% tannic acid (Ju FOS),ju2023_vt,Virginia Tech,USA,OPC,OPC,47.8,11.18,0.0,11.18,14.0,36.5,15.1,21.4,796.0,UCS,table,1,laboratory-made soil
VT artificial lean clay,VT artificial lean clay + 0.2% tannic acid (Ju FOS),ju2023_vt,Virginia Tech,USA,OPC,OPC,47.8,11.18,0.0,11.18,28.0,36.5,15.1,21.4,966.0,UCS,table,1,laboratory-made soil
VT artificial lean clay,VT artificial lean clay + 0.2% tannic acid (Ju FOS),ju2023_vt,Virginia Tech,USA,OPC,OPC,57.6,20.17,0.0,20.17,3.0,36.5,15.1,21.4,546.0,UCS,table,1,laboratory-made soil
VT artificial lean clay,VT artificial lean clay + 0.2% tannic acid (Ju FOS),ju2023_vt,Virginia Tech,USA,OPC,OPC,57.6,20.17,0.0,20.17,7.0,36.5,15.1,21.4,1074.0,UCS,table,1,laboratory-made soil
VT artificial lean clay,VT artificial lean clay + 0.2% tannic acid (Ju FOS),ju2023_vt,Virginia Tech,USA,OPC,OPC,57.6,20.17,0.0,20.17,14.0,36.5,15.1,21.4,1451.0,UCS,table,1,laboratory-made soil
VT artificial lean clay,VT artificial lean clay + 0.2% tannic acid (Ju FOS),ju2023_vt,Virginia Tech,USA,OPC,OPC,57.6,20.17,0.0,20.17,28.0,36.5,15.1,21.4,2034.0,UCS,table,1,laboratory-made soil
VT artificial lean clay,VT artificial lean clay + 0.2% tannic acid (Ju FOS),ju2023_vt,Virginia Tech,USA,OPC,OPC,68.3,31.85,0.0,31.85,3.0,36.5,15.1,21.4,1170.0,UCS,table,1,laboratory-made soil
VT artificial lean clay,VT artificial lean clay + 0.2% tannic acid (Ju FOS),ju2023_vt,Virginia Tech,USA,OPC,OPC,68.3,31.85,0.0,31.85,7.0,36.5,15.1,21.4,2236.0,UCS,table,1,laboratory-made soil
VT artificial lean clay,VT artificial lean clay + 0.2% tannic acid (Ju FOS),ju2023_vt,Virginia Tech,USA,OPC,OPC,68.3,31.85,0.0,31.85,14.0,36.5,15.1,21.4,2587.0,UCS,table,1,laboratory-made soil
VT artificial lean clay,VT artificial lean clay + 0.2% tannic acid (Ju FOS),ju2023_vt,Virginia Tech,USA,OPC,OPC,68.3,31.85,0.0,31.85,28.0,36.5,15.1,21.4,3603.0,UCS,table,1,laboratory-made soil
VT artificial lean clay,VT artificial lean clay + 0.2% tannic acid (Ju FOS),ju2023_vt,Virginia Tech,USA,OPC,OPC,84.4,47.82,0.0,47.82,3.0,36.5,15.1,21.4,1551.0,UCS,table,1,laboratory-made soil
VT artificial lean clay,VT artificial lean clay + 0.2% tannic acid (Ju FOS),ju2023_vt,Virginia Tech,USA,OPC,OPC,84.4,47.82,0.0,47.82,7.0,36.5,15.1,21.4,3310.0,UCS,table,1,laboratory-made soil
VT artificial lean clay,VT artificial lean clay + 0.2% tannic acid (Ju FOS),ju2023_vt,Virginia Tech,USA,OPC,OPC,84.4,47.82,0.0,47.82,14.0,36.5,15.1,21.4,3905.0,UCS,table,1,laboratory-made soil
VT artificial lean clay,VT artificial lean clay + 0.2% tannic acid (Ju FOS),ju2023_vt,Virginia Tech,USA,OPC,OPC,84.4,47.82,0.0,47.82,28.0,36.5,15.1,21.4,5068.0,UCS,table,1,laboratory-made soil
VT artificial lean clay,VT artificial lean clay + 0.2% tannic acid (Ju FOS),ju2023_vt,Virginia Tech,USA,OPC,OPC,53.1,11.82,0.0,11.82,3.0,36.5,15.1,21.4,216.0,UCS,table,1,laboratory-made soil
VT artificial lean clay,VT artificial lean clay + 0.2% tannic acid (Ju FOS),ju2023_vt,Virginia Tech,USA,OPC,OPC,53.1,11.82,0.0,11.82,7.0,36.5,15.1,21.4,560.0,UCS,table,1,laboratory-made soil
VT artificial lean clay,VT artificial lean clay + 0.2% tannic acid (Ju FOS),ju2023_vt,Virginia Tech,USA,OPC,OPC,53.1,11.82,0.0,11.82,14.0,36.5,15.1,21.4,658.0,UCS,table,1,laboratory-made soil
VT artificial lean clay,VT artificial lean clay + 0.2% tannic acid (Ju FOS),ju2023_vt,Virginia Tech,USA,OPC,OPC,53.1,11.82,0.0,11.82,28.0,36.5,15.1,21.4,935.0,UCS,table,1,laboratory-made soil
VT artificial lean clay,VT artificial lean clay + 0.2% tannic acid (Ju FOS),ju2023_vt,Virginia Tech,USA,OPC,OPC,68.0,22.49,0.0,22.49,3.0,36.5,15.1,21.4,342.0,UCS,table,1,laboratory-made soil
VT artificial lean clay,VT artificial lean clay + 0.2% tannic acid (Ju FOS),ju2023_vt,Virginia Tech,USA,OPC,OPC,68.0,22.49,0.0,22.49,7.0,36.5,15.1,21.4,864.0,UCS,table,1,laboratory-made soil
VT artificial lean clay,VT artificial lean clay + 0.2% tannic acid (Ju FOS),ju2023_vt,Virginia Tech,USA,OPC,OPC,68.0,22.49,0.0,22.49,14.0,36.5,15.1,21.4,1242.0,UCS,table,1,laboratory-made soil
VT artificial lean clay,VT artificial lean clay + 0.2% tannic acid (Ju FOS),ju2023_vt,Virginia Tech,USA,OPC,OPC,68.0,22.49,0.0,22.49,28.0,36.5,15.1,21.4,1540.0,UCS,table,1,laboratory-made soil
VT artificial lean clay,VT artificial lean clay (Ju base soil 1),ju2023_vt,Virginia Tech,USA,OPC,OPC,51.5,26.68,0.0,26.68,3.0,35.0,13.0,22.0,2588.0,UCS,table,1,laboratory-made soil
VT artificial lean clay,VT artificial lean clay (Ju base soil 1),ju2023_vt,Virginia Tech,USA,OPC,OPC,51.5,26.68,0.0,26.68,7.0,35.0,13.0,22.0,3358.0,UCS,table,1,laboratory-made soil
VT artificial lean clay,VT artificial lean clay (Ju base soil 1),ju2023_vt,Virginia Tech,USA,OPC,OPC,51.5,26.68,0.0,26.68,14.0,35.0,13.0,22.0,4125.0,UCS,table,1,laboratory-made soil
VT artificial lean clay,VT artificial lean clay (Ju base soil 1),ju2023_vt,Virginia Tech,USA,OPC,OPC,51.5,26.68,0.0,26.68,28.0,35.0,13.0,22.0,4483.0,UCS,table,1,laboratory-made soil
VT artificial lean clay,VT artificial lean clay (Ju base soil 1),ju2023_vt,Virginia Tech,USA,OPC,OPC,66.1,22.2,0.0,22.2,3.0,35.0,13.0,22.0,838.0,UCS,table,1,laboratory-made soil
VT artificial lean clay,VT artificial lean clay (Ju base soil 1),ju2023_vt,Virginia Tech,USA,OPC,OPC,66.1,22.2,0.0,22.2,7.0,35.0,13.0,22.0,1138.0,UCS,table,1,laboratory-made soil
VT artificial lean clay,VT artificial lean clay (Ju base soil 1),ju2023_vt,Virginia Tech,USA,OPC,OPC,66.1,22.2,0.0,22.2,14.0,35.0,13.0,22.0,1463.0,UCS,table,1,laboratory-made soil
VT artificial lean clay,VT artificial lean clay (Ju base soil 1),ju2023_vt,Virginia Tech,USA,OPC,OPC,66.1,22.2,0.0,22.2,28.0,35.0,13.0,22.0,1844.0,UCS,table,1,laboratory-made soil
Port of Brisbane soft marine clay,Port of Brisbane soft marine clay (South East Queensland),liu2022_griffith,liu2022_griffith,Australia,OPC,OPC,75.0,10.0,0.0,10.0,28.0,91.6,36.7,54.9,118.6,UCS,table,1,thesis tables swap 100/130 % labels; 160 % series uncertain
Port of Brisbane soft marine clay,Port of Brisbane soft marine clay (South East Queensland),liu2022_griffith,liu2022_griffith,Australia,OPC,OPC,77.5,15.0,0.0,15.0,28.0,91.6,36.7,54.9,261.5,UCS,table,1,thesis tables swap 100/130 % labels; 160 % series uncertain
Port of Brisbane soft marine clay,Port of Brisbane soft marine clay (South East Queensland),liu2022_griffith,liu2022_griffith,Australia,OPC,OPC,80.0,20.0,0.0,20.0,28.0,91.6,36.7,54.9,452.3,UCS,table,1,thesis tables swap 100/130 % labels; 160 % series uncertain
Port of Brisbane soft marine clay,Port of Brisbane soft marine clay (South East Queensland),liu2022_griffith,liu2022_griffith,Australia,OPC,OPC,82.5,25.0,0.0,25.0,28.0,91.6,36.7,54.9,696.9,UCS,table,1,thesis tables swap 100/130 % labels; 160 % series uncertain
Port of Brisbane soft marine clay,Port of Brisbane soft marine clay (South East Queensland),liu2022_griffith,liu2022_griffith,Australia,OPC,OPC,85.0,30.0,0.0,30.0,28.0,91.6,36.7,54.9,1199.8,UCS,table,1,thesis tables swap 100/130 % labels; 160 % series uncertain
Port of Brisbane soft marine clay,Port of Brisbane soft marine clay (South East Queensland),liu2022_griffith,liu2022_griffith,Australia,OPC,OPC,105.0,10.0,0.0,10.0,28.0,91.6,36.7,54.9,92.5,UCS,table,1,thesis tables swap 100/130 % labels; 160 % series uncertain
Port of Brisbane soft marine clay,Port of Brisbane soft marine clay (South East Queensland),liu2022_griffith,liu2022_griffith,Australia,OPC,OPC,107.5,15.0,0.0,15.0,28.0,91.6,36.7,54.9,181.0,UCS,table,1,thesis tables swap 100/130 % labels; 160 % series uncertain
Port of Brisbane soft marine clay,Port of Brisbane soft marine clay (South East Queensland),liu2022_griffith,liu2022_griffith,Australia,OPC,OPC,110.0,20.0,0.0,20.0,28.0,91.6,36.7,54.9,313.2,UCS,table,1,thesis tables swap 100/130 % labels; 160 % series uncertain
Port of Brisbane soft marine clay,Port of Brisbane soft marine clay (South East Queensland),liu2022_griffith,liu2022_griffith,Australia,OPC,OPC,112.5,25.0,0.0,25.0,28.0,91.6,36.7,54.9,604.0,UCS,table,1,thesis tables swap 100/130 % labels; 160 % series uncertain
Port of Brisbane soft marine clay,Port of Brisbane soft marine clay (South East Queensland),liu2022_griffith,liu2022_griffith,Australia,OPC,OPC,115.0,30.0,0.0,30.0,28.0,91.6,36.7,54.9,1060.0,UCS,table,1,thesis tables swap 100/130 % labels; 160 % series uncertain
Port of Brisbane soft marine clay,Port of Brisbane soft marine clay (South East Queensland),liu2022_griffith,liu2022_griffith,Australia,OPC,OPC,135.0,10.0,0.0,10.0,28.0,91.6,36.7,54.9,64.6,UCS,table,1,thesis tables swap 100/130 % labels; 160 % series uncertain
Port of Brisbane soft marine clay,Port of Brisbane soft marine clay (South East Queensland),liu2022_griffith,liu2022_griffith,Australia,OPC,OPC,137.5,15.0,0.0,15.0,28.0,91.6,36.7,54.9,140.9,UCS,table,1,thesis tables swap 100/130 % labels; 160 % series uncertain
Port of Brisbane soft marine clay,Port of Brisbane soft marine clay (South East Queensland),liu2022_griffith,liu2022_griffith,Australia,OPC,OPC,140.0,20.0,0.0,20.0,28.0,91.6,36.7,54.9,291.0,UCS,table,1,thesis tables swap 100/130 % labels; 160 % series uncertain
Port of Brisbane soft marine clay,Port of Brisbane soft marine clay (South East Queensland),liu2022_griffith,liu2022_griffith,Australia,OPC,OPC,142.5,25.0,0.0,25.0,28.0,91.6,36.7,54.9,499.4,UCS,table,1,thesis tables swap 100/130 % labels; 160 % series uncertain
Port of Brisbane soft marine clay,Port of Brisbane soft marine clay (South East Queensland),liu2022_griffith,liu2022_griffith,Australia,OPC,OPC,145.0,30.0,0.0,30.0,28.0,91.6,36.7,54.9,887.4,UCS,table,1,thesis tables swap 100/130 % labels; 160 % series uncertain
Port of Brisbane soft marine clay,Port of Brisbane soft marine clay (South East Queensland),liu2022_griffith,liu2022_griffith,Australia,OPC,OPC,165.0,10.0,0.0,10.0,28.0,91.6,36.7,54.9,41.7,UCS,table,1,thesis tables swap 100/130 % labels; 160 % series uncertain
Port of Brisbane soft marine clay,Port of Brisbane soft marine clay (South East Queensland),liu2022_griffith,liu2022_griffith,Australia,OPC,OPC,167.5,15.0,0.0,15.0,28.0,91.6,36.7,54.9,120.1,UCS,table,1,thesis tables swap 100/130 % labels; 160 % series uncertain
Port of Brisbane soft marine clay,Port of Brisbane soft marine clay (South East Queensland),liu2022_griffith,liu2022_griffith,Australia,OPC,OPC,170.0,20.0,0.0,20.0,28.0,91.6,36.7,54.9,262.7,UCS,table,1,thesis tables swap 100/130 % labels; 160 % series uncertain
Port of Brisbane soft marine clay,Port of Brisbane soft marine clay (South East Queensland),liu2022_griffith,liu2022_griffith,Australia,OPC,OPC,172.5,25.0,0.0,25.0,28.0,91.6,36.7,54.9,404.7,UCS,table,1,thesis tables swap 100/130 % labels; 160 % series uncertain
Port of Brisbane soft marine clay,Port of Brisbane soft marine clay (South East Queensland),liu2022_griffith,liu2022_griffith,Australia,OPC,OPC,175.0,30.0,0.0,30.0,28.0,91.6,36.7,54.9,525.6,UCS,table,1,thesis tables swap 100/130 % labels; 160 % series uncertain
Port of Brisbane soft marine clay,Port of Brisbane soft marine clay (South East Queensland),liu2022_griffith,liu2022_griffith,Australia,PC+FA,OPC,135.0,10.0,20.0,11.5,28.0,91.6,36.7,54.9,60.4,UCS,table,1,thesis tables swap 100/130 % labels; 160 % series uncertain
Port of Brisbane soft marine clay,Port of Brisbane soft marine clay (South East Queensland),liu2022_griffith,liu2022_griffith,Australia,PC+FA,OPC,137.5,15.0,20.0,17.25,28.0,91.6,36.7,54.9,126.7,UCS,table,1,thesis tables swap 100/130 % labels; 160 % series uncertain
Port of Brisbane soft marine clay,Port of Brisbane soft marine clay (South East Queensland),liu2022_griffith,liu2022_griffith,Australia,PC+FA,OPC,140.0,20.0,20.0,23.0,28.0,91.6,36.7,54.9,248.6,UCS,table,1,thesis tables swap 100/130 % labels; 160 % series uncertain
Port of Brisbane soft marine clay,Port of Brisbane soft marine clay (South East Queensland),liu2022_griffith,liu2022_griffith,Australia,PC+FA,OPC,142.5,25.0,20.0,28.75,28.0,91.6,36.7,54.9,386.7,UCS,table,1,thesis tables swap 100/130 % labels; 160 % series uncertain
Port of Brisbane soft marine clay,Port of Brisbane soft marine clay (South East Queensland),liu2022_griffith,liu2022_griffith,Australia,PC+FA,OPC,145.0,30.0,20.0,34.5,28.0,91.6,36.7,54.9,651.0,UCS,table,1,thesis tables swap 100/130 % labels; 160 % series uncertain
Port of Brisbane soft marine clay,Port of Brisbane soft marine clay (South East Queensland),liu2022_griffith,liu2022_griffith,Australia,PC+FA,OPC,135.0,10.0,25.0,11.875,28.0,91.6,36.7,54.9,57.6,UCS,table,1,thesis tables swap 100/130 % labels; 160 % series uncertain
Port of Brisbane soft marine clay,Port of Brisbane soft marine clay (South East Queensland),liu2022_griffith,liu2022_griffith,Australia,PC+FA,OPC,137.5,15.0,23.3,17.6212,28.0,91.6,36.7,54.9,105.9,UCS,table,1,thesis tables swap 100/130 % labels; 160 % series uncertain
Port of Brisbane soft marine clay,Port of Brisbane soft marine clay (South East Queensland),liu2022_griffith,liu2022_griffith,Australia,PC+FA,OPC,140.0,20.0,25.0,23.75,28.0,91.6,36.7,54.9,229.4,UCS,table,1,thesis tables swap 100/130 % labels; 160 % series uncertain
Port of Brisbane soft marine clay,Port of Brisbane soft marine clay (South East Queensland),liu2022_griffith,liu2022_griffith,Australia,PC+FA,OPC,142.5,25.0,26.0,29.875,28.0,91.6,36.7,54.9,351.0,UCS,table,1,thesis tables swap 100/130 % labels; 160 % series uncertain
Port of Brisbane soft marine clay,Port of Brisbane soft marine clay (South East Queensland),liu2022_griffith,liu2022_griffith,Australia,PC+FA,OPC,145.0,30.0,25.0,35.625,28.0,91.6,36.7,54.9,564.1,UCS,table,1,thesis tables swap 100/130 % labels; 160 % series uncertain
Port of Brisbane soft marine clay,Port of Brisbane soft marine clay (South East Queensland),liu2022_griffith,liu2022_griffith,Australia,PC+FA,OPC,135.0,10.0,35.0,12.625,28.0,91.6,36.7,54.9,55.2,UCS,table,1,thesis tables swap 100/130 % labels; 160 % series uncertain
Port of Brisbane soft marine clay,Port of Brisbane soft marine clay (South East Queensland),liu2022_griffith,liu2022_griffith,Australia,PC+FA,OPC,137.5,15.0,33.3,18.7462,28.0,91.6,36.7,54.9,92.4,UCS,table,1,thesis tables swap 100/130 % labels; 160 % series uncertain
Port of Brisbane soft marine clay,Port of Brisbane soft marine clay (South East Queensland),liu2022_griffith,liu2022_griffith,Australia,PC+FA,OPC,140.0,20.0,32.5,24.875,28.0,91.6,36.7,54.9,195.5,UCS,table,1,thesis tables swap 100/130 % labels; 160 % series uncertain
Port of Brisbane soft marine clay,Port of Brisbane soft marine clay (South East Queensland),liu2022_griffith,liu2022_griffith,Australia,PC+FA,OPC,142.5,25.0,34.0,31.375,28.0,91.6,36.7,54.9,330.5,UCS,table,1,thesis tables swap 100/130 % labels; 160 % series uncertain
Port of Brisbane soft marine clay,Port of Brisbane soft marine clay (South East Queensland),liu2022_griffith,liu2022_griffith,Australia,PC+FA,OPC,145.0,30.0,33.3,37.4925,28.0,91.6,36.7,54.9,452.5,UCS,table,1,thesis tables swap 100/130 % labels; 160 % series uncertain
Port of Brisbane soft marine clay,Port of Brisbane soft marine clay (South East Queensland),liu2022_griffith,liu2022_griffith,Australia,PC+FA,OPC,135.0,10.0,50.0,13.75,28.0,91.6,36.7,54.9,34.6,UCS,table,1,thesis tables swap 100/130 % labels; 160 % series uncertain
Port of Brisbane soft marine clay,Port of Brisbane soft marine clay (South East Queensland),liu2022_griffith,liu2022_griffith,Australia,PC+FA,OPC,137.5,15.0,50.0,20.625,28.0,91.6,36.7,54.9,75.7,UCS,table,1,thesis tables swap 100/130 % labels; 160 % series uncertain
Port of Brisbane soft marine clay,Port of Brisbane soft marine clay (South East Queensland),liu2022_griffith,liu2022_griffith,Australia,PC+FA,OPC,140.0,20.0,50.0,27.5,28.0,91.6,36.7,54.9,105.7,UCS,table,1,thesis tables swap 100/130 % labels; 160 % series uncertain
Port of Brisbane soft marine clay,Port of Brisbane soft marine clay (South East Queensland),liu2022_griffith,liu2022_griffith,Australia,PC+FA,OPC,142.5,25.0,50.0,34.375,28.0,91.6,36.7,54.9,204.8,UCS,table,1,thesis tables swap 100/130 % labels; 160 % series uncertain
Port of Brisbane soft marine clay,Port of Brisbane soft marine clay (South East Queensland),liu2022_griffith,liu2022_griffith,Australia,PC+FA,OPC,145.0,30.0,50.0,41.25,28.0,91.6,36.7,54.9,257.7,UCS,table,1,thesis tables swap 100/130 % labels; 160 % series uncertain
Port of Brisbane soft marine clay,Port of Brisbane soft marine clay (South East Queensland),liu2022_griffith,liu2022_griffith,Australia,other:PC+DuraCrete,OPC,135.0,10.0,3.0,10.225,28.0,91.6,36.7,54.9,81.2,UCS,table,1,thesis tables swap 100/130 % labels; 160 % series uncertain
Port of Brisbane soft marine clay,Port of Brisbane soft marine clay (South East Queensland),liu2022_griffith,liu2022_griffith,Australia,other:PC+DuraCrete,OPC,137.5,15.0,3.3,15.3712,28.0,91.6,36.7,54.9,160.7,UCS,table,1,thesis tables swap 100/130 % labels; 160 % series uncertain
Port of Brisbane soft marine clay,Port of Brisbane soft marine clay (South East Queensland),liu2022_griffith,liu2022_griffith,Australia,other:PC+DuraCrete,OPC,140.0,20.0,3.0,20.45,28.0,91.6,36.7,54.9,349.7,UCS,table,1,thesis tables swap 100/130 % labels; 160 % series uncertain
Port of Brisbane soft marine clay,Port of Brisbane soft marine clay (South East Queensland),liu2022_griffith,liu2022_griffith,Australia,other:PC+DuraCrete,OPC,142.5,25.0,3.2,25.6,28.0,91.6,36.7,54.9,712.6,UCS,table,1,thesis tables swap 100/130 % labels; 160 % series uncertain
Port of Brisbane soft marine clay,Port of Brisbane soft marine clay (South East Queensland),liu2022_griffith,liu2022_griffith,Australia,other:PC+DuraCrete,OPC,145.0,30.0,3.0,30.675,28.0,91.6,36.7,54.9,960.7,UCS,table,1,thesis tables swap 100/130 % labels; 160 % series uncertain
Port of Brisbane soft marine clay,Port of Brisbane soft marine clay (South East Queensland),liu2022_griffith,liu2022_griffith,Australia,other:PC+DuraCrete,OPC,135.0,10.0,5.0,10.375,28.0,91.6,36.7,54.9,94.6,UCS,table,1,thesis tables swap 100/130 % labels; 160 % series uncertain
Port of Brisbane soft marine clay,Port of Brisbane soft marine clay (South East Queensland),liu2022_griffith,liu2022_griffith,Australia,other:PC+DuraCrete,OPC,137.5,15.0,5.3,15.5962,28.0,91.6,36.7,54.9,173.3,UCS,table,1,thesis tables swap 100/130 % labels; 160 % series uncertain
Port of Brisbane soft marine clay,Port of Brisbane soft marine clay (South East Queensland),liu2022_griffith,liu2022_griffith,Australia,other:PC+DuraCrete,OPC,140.0,20.0,5.0,20.75,28.0,91.6,36.7,54.9,312.7,UCS,table,1,thesis tables swap 100/130 % labels; 160 % series uncertain
Port of Brisbane soft marine clay,Port of Brisbane soft marine clay (South East Queensland),liu2022_griffith,liu2022_griffith,Australia,other:PC+DuraCrete,OPC,142.5,25.0,5.2,25.975,28.0,91.6,36.7,54.9,587.4,UCS,table,1,thesis tables swap 100/130 % labels; 160 % series uncertain
Port of Brisbane soft marine clay,Port of Brisbane soft marine clay (South East Queensland),liu2022_griffith,liu2022_griffith,Australia,other:PC+DuraCrete,OPC,145.0,30.0,5.0,31.125,28.0,91.6,36.7,54.9,800.6,UCS,table,1,thesis tables swap 100/130 % labels; 160 % series uncertain
Port of Brisbane soft marine clay,Port of Brisbane soft marine clay (South East Queensland),liu2022_griffith,liu2022_griffith,Australia,other:PC+DuraCrete,OPC,135.0,10.0,7.0,10.525,28.0,91.6,36.7,54.9,64.5,UCS,table,1,thesis tables swap 100/130 % labels; 160 % series uncertain
Port of Brisbane soft marine clay,Port of Brisbane soft marine clay (South East Queensland),liu2022_griffith,liu2022_griffith,Australia,other:PC+DuraCrete,OPC,137.5,15.0,7.3,15.8213,28.0,91.6,36.7,54.9,169.0,UCS,table,1,thesis tables swap 100/130 % labels; 160 % series uncertain
Port of Brisbane soft marine clay,Port of Brisbane soft marine clay (South East Queensland),liu2022_griffith,liu2022_griffith,Australia,other:PC+DuraCrete,OPC,140.0,20.0,7.0,21.05,28.0,91.6,36.7,54.9,241.5,UCS,table,1,thesis tables swap 100/130 % labels; 160 % series uncertain
Port of Brisbane soft marine clay,Port of Brisbane soft marine clay (South East Queensland),liu2022_griffith,liu2022_griffith,Australia,other:PC+DuraCrete,OPC,142.5,25.0,7.2,26.35,28.0,91.6,36.7,54.9,386.3,UCS,table,1,thesis tables swap 100/130 % labels; 160 % series uncertain
Port of Brisbane soft marine clay,Port of Brisbane soft marine clay (South East Queensland),liu2022_griffith,liu2022_griffith,Australia,other:PC+DuraCrete,OPC,145.0,30.0,7.0,31.575,28.0,91.6,36.7,54.9,758.9,UCS,table,1,thesis tables swap 100/130 % labels; 160 % series uncertain
Port of Brisbane soft marine clay,Port of Brisbane soft marine clay (South East Queensland),liu2022_griffith,liu2022_griffith,Australia,other:PC+DuraCrete,OPC,135.0,10.0,9.0,10.675,28.0,91.6,36.7,54.9,72.3,UCS,table,1,thesis tables swap 100/130 % labels; 160 % series uncertain
Port of Brisbane soft marine clay,Port of Brisbane soft marine clay (South East Queensland),liu2022_griffith,liu2022_griffith,Australia,other:PC+DuraCrete,OPC,137.5,15.0,9.3,16.0463,28.0,91.6,36.7,54.9,123.1,UCS,table,1,thesis tables swap 100/130 % labels; 160 % series uncertain
Port of Brisbane soft marine clay,Port of Brisbane soft marine clay (South East Queensland),liu2022_griffith,liu2022_griffith,Australia,other:PC+DuraCrete,OPC,140.0,20.0,9.0,21.35,28.0,91.6,36.7,54.9,240.0,UCS,table,1,thesis tables swap 100/130 % labels; 160 % series uncertain
Port of Brisbane soft marine clay,Port of Brisbane soft marine clay (South East Queensland),liu2022_griffith,liu2022_griffith,Australia,other:PC+DuraCrete,OPC,142.5,25.0,9.2,26.725,28.0,91.6,36.7,54.9,368.1,UCS,table,1,thesis tables swap 100/130 % labels; 160 % series uncertain
Port of Brisbane soft marine clay,Port of Brisbane soft marine clay (South East Queensland),liu2022_griffith,liu2022_griffith,Australia,other:PC+DuraCrete,OPC,145.0,30.0,9.0,32.025,28.0,91.6,36.7,54.9,701.8,UCS,table,1,thesis tables swap 100/130 % labels; 160 % series uncertain
Champlain Sea clay,"Champlain Sea clay, Waba Dam (Arnprior, Ontario), 20-21 m",monsif2021_tmu,monsif2021_tmu,Canada,OPC,OPC,85.9,6.21,0.0,6.21,7.0,72.0,27.0,45.0,613.0,UCS,table,1,
Champlain Sea clay,"Champlain Sea clay, Waba Dam (Arnprior, Ontario), 20-21 m",monsif2021_tmu,monsif2021_tmu,Canada,OPC,OPC,85.9,6.21,0.0,6.21,14.0,72.0,27.0,45.0,721.0,UCS,table,1,
Champlain Sea clay,"Champlain Sea clay, Waba Dam (Arnprior, Ontario), 20-21 m",monsif2021_tmu,monsif2021_tmu,Canada,OPC,OPC,85.9,6.21,0.0,6.21,28.0,72.0,27.0,45.0,845.0,UCS,table,1,
Champlain Sea clay,"Champlain Sea clay, Waba Dam (Arnprior, Ontario), 20-21 m",monsif2021_tmu,monsif2021_tmu,Canada,OPC,OPC,85.9,6.21,0.0,6.21,300.0,72.0,27.0,45.0,1028.0,UCS,table,1,
Champlain Sea clay,"Champlain Sea clay, Waba Dam (Arnprior, Ontario), 20-21 m",monsif2021_tmu,monsif2021_tmu,Canada,OPC,OPC,93.0,13.36,0.0,13.36,7.0,72.0,27.0,45.0,1770.0,UCS,table,1,
Champlain Sea clay,"Champlain Sea clay, Waba Dam (Arnprior, Ontario), 20-21 m",monsif2021_tmu,monsif2021_tmu,Canada,OPC,OPC,93.0,13.36,0.0,13.36,14.0,72.0,27.0,45.0,1964.0,UCS,table,1,
Champlain Sea clay,"Champlain Sea clay, Waba Dam (Arnprior, Ontario), 20-21 m",monsif2021_tmu,monsif2021_tmu,Canada,OPC,OPC,93.0,13.36,0.0,13.36,28.0,72.0,27.0,45.0,2112.0,UCS,table,1,
Champlain Sea clay,"Champlain Sea clay, Waba Dam (Arnprior, Ontario), 20-21 m",monsif2021_tmu,monsif2021_tmu,Canada,OPC,OPC,93.0,13.36,0.0,13.36,300.0,72.0,27.0,45.0,2616.0,UCS,table,1,
Champlain Sea clay,"Champlain Sea clay, Waba Dam (Arnprior, Ontario), 20-21 m",monsif2021_tmu,monsif2021_tmu,Canada,OPC,OPC,111.2,31.5,0.0,31.5,7.0,72.0,27.0,45.0,2006.0,UCS,table,1,
Champlain Sea clay,"Champlain Sea clay, Waba Dam (Arnprior, Ontario), 20-21 m",monsif2021_tmu,monsif2021_tmu,Canada,OPC,OPC,111.2,31.5,0.0,31.5,14.0,72.0,27.0,45.0,2523.0,UCS,table,1,
Champlain Sea clay,"Champlain Sea clay, Waba Dam (Arnprior, Ontario), 20-21 m",monsif2021_tmu,monsif2021_tmu,Canada,OPC,OPC,111.2,31.5,0.0,31.5,28.0,72.0,27.0,45.0,2474.0,UCS,table,1,
Champlain Sea clay,"Champlain Sea clay, Waba Dam (Arnprior, Ontario), 20-21 m",monsif2021_tmu,monsif2021_tmu,Canada,OPC,OPC,111.2,31.5,0.0,31.5,300.0,72.0,27.0,45.0,4594.0,UCS,table,1,
Champlain Sea clay,"Champlain Sea clay, Waba Dam (Arnprior, Ontario), 20-21 m",monsif2021_tmu,monsif2021_tmu,Canada,other:PC+silica fume,OPC,85.9,6.21,8.0,6.5826,7.0,72.0,27.0,45.0,346.0,UCS,table,1,
Champlain Sea clay,"Champlain Sea clay, Waba Dam (Arnprior, Ontario), 20-21 m",monsif2021_tmu,monsif2021_tmu,Canada,other:PC+silica fume,OPC,85.9,6.21,8.0,6.5826,14.0,72.0,27.0,45.0,408.0,UCS,table,1,
Champlain Sea clay,"Champlain Sea clay, Waba Dam (Arnprior, Ontario), 20-21 m",monsif2021_tmu,monsif2021_tmu,Canada,other:PC+silica fume,OPC,85.9,6.21,8.0,6.5826,28.0,72.0,27.0,45.0,512.0,UCS,table,1,
Champlain Sea clay,"Champlain Sea clay, Waba Dam (Arnprior, Ontario), 20-21 m",monsif2021_tmu,monsif2021_tmu,Canada,other:PC+silica fume,OPC,85.9,6.21,8.0,6.5826,300.0,72.0,27.0,45.0,880.0,UCS,table,1,
Champlain Sea clay,"Champlain Sea clay, Waba Dam (Arnprior, Ontario), 20-21 m",monsif2021_tmu,monsif2021_tmu,Canada,PC+slag,slag cement,88.2,8.52,25.0,17.4021,7.0,72.0,27.0,45.0,501.0,UCS,table,1,
Champlain Sea clay,"Champlain Sea clay, Waba Dam (Arnprior, Ontario), 20-21 m",monsif2021_tmu,monsif2021_tmu,Canada,PC+slag,slag cement,88.2,8.52,25.0,17.4021,14.0,72.0,27.0,45.0,591.0,UCS,table,1,
Champlain Sea clay,"Champlain Sea clay, Waba Dam (Arnprior, Ontario), 20-21 m",monsif2021_tmu,monsif2021_tmu,Canada,PC+slag,slag cement,88.2,8.52,25.0,17.4021,28.0,72.0,27.0,45.0,684.0,UCS,table,1,
Champlain Sea clay,"Champlain Sea clay, Waba Dam (Arnprior, Ontario), 20-21 m",monsif2021_tmu,monsif2021_tmu,Canada,PC+slag,slag cement,88.2,8.52,25.0,17.4021,300.0,72.0,27.0,45.0,1913.0,UCS,table,1,
Champlain Sea clay,"Champlain Sea clay, Waba Dam (Arnprior, Ontario), 20-21 m",monsif2021_tmu,monsif2021_tmu,Canada,other:PC+cement kiln dust,OPC,88.2,8.52,25.0,10.1175,7.0,72.0,27.0,45.0,388.0,UCS,table,1,
Champlain Sea clay,"Champlain Sea clay, Waba Dam (Arnprior, Ontario), 20-21 m",monsif2021_tmu,monsif2021_tmu,Canada,other:PC+cement kiln dust,OPC,88.2,8.52,25.0,10.1175,14.0,72.0,27.0,45.0,458.0,UCS,table,1,
Champlain Sea clay,"Champlain Sea clay, Waba Dam (Arnprior, Ontario), 20-21 m",monsif2021_tmu,monsif2021_tmu,Canada,other:PC+cement kiln dust,OPC,88.2,8.52,25.0,10.1175,28.0,72.0,27.0,45.0,466.0,UCS,table,1,
Champlain Sea clay,"Champlain Sea clay, Waba Dam (Arnprior, Ontario), 20-21 m",monsif2021_tmu,monsif2021_tmu,Canada,other:PC+cement kiln dust,OPC,88.2,8.52,25.0,10.1175,300.0,72.0,27.0,45.0,928.0,UCS,table,1,
Champlain Sea clay,"Champlain Sea clay, Waba Dam (Arnprior, Ontario), 20-21 m",monsif2021_tmu,monsif2021_tmu,Canada,other:PC+cement kiln dust,OPC,93.0,13.36,50.0,18.37,7.0,72.0,27.0,45.0,502.0,UCS,table,1,
Champlain Sea clay,"Champlain Sea clay, Waba Dam (Arnprior, Ontario), 20-21 m",monsif2021_tmu,monsif2021_tmu,Canada,other:PC+cement kiln dust,OPC,93.0,13.36,50.0,18.37,14.0,72.0,27.0,45.0,586.0,UCS,table,1,
Champlain Sea clay,"Champlain Sea clay, Waba Dam (Arnprior, Ontario), 20-21 m",monsif2021_tmu,monsif2021_tmu,Canada,other:PC+cement kiln dust,OPC,93.0,13.36,50.0,18.37,28.0,72.0,27.0,45.0,674.0,UCS,table,1,
Champlain Sea clay,"Champlain Sea clay, Waba Dam (Arnprior, Ontario), 20-21 m",monsif2021_tmu,monsif2021_tmu,Canada,other:PC+cement kiln dust,OPC,93.0,13.36,50.0,18.37,300.0,72.0,27.0,45.0,2196.0,UCS,table,1,
VT artificial lean clay,VT artificial lean clay (Ju base soil 1),nevarez2017_vt,Virginia Tech,USA,OPC,OPC,45.9,17.89,0.0,17.89,3.0,35.0,13.0,22.0,1923.0,UCS,table,1,laboratory-made soil
VT artificial lean clay,VT artificial lean clay (Ju base soil 1),nevarez2017_vt,Virginia Tech,USA,OPC,OPC,45.9,17.89,0.0,17.89,7.0,35.0,13.0,22.0,2551.0,UCS,table,1,laboratory-made soil
VT artificial lean clay,VT artificial lean clay (Ju base soil 1),nevarez2017_vt,Virginia Tech,USA,OPC,OPC,45.9,17.89,0.0,17.89,14.0,35.0,13.0,22.0,3405.0,UCS,table,1,laboratory-made soil
VT artificial lean clay,VT artificial lean clay (Ju base soil 1),nevarez2017_vt,Virginia Tech,USA,OPC,OPC,45.9,17.89,0.0,17.89,28.0,35.0,13.0,22.0,3953.0,UCS,table,1,laboratory-made soil
VT artificial lean clay,VT artificial lean clay (Ju base soil 1),nevarez2017_vt,Virginia Tech,USA,OPC,OPC,51.0,26.59,0.0,26.59,3.0,35.0,13.0,22.0,2687.0,UCS,table,1,laboratory-made soil
VT artificial lean clay,VT artificial lean clay (Ju base soil 1),nevarez2017_vt,Virginia Tech,USA,OPC,OPC,51.0,26.59,0.0,26.59,7.0,35.0,13.0,22.0,3892.0,UCS,table,1,laboratory-made soil
VT artificial lean clay,VT artificial lean clay (Ju base soil 1),nevarez2017_vt,Virginia Tech,USA,OPC,OPC,51.0,26.59,0.0,26.59,14.0,35.0,13.0,22.0,4802.0,UCS,table,1,laboratory-made soil
VT artificial lean clay,VT artificial lean clay (Ju base soil 1),nevarez2017_vt,Virginia Tech,USA,OPC,OPC,51.0,26.59,0.0,26.59,28.0,35.0,13.0,22.0,5615.0,UCS,table,1,laboratory-made soil
VT artificial lean clay,VT artificial lean clay (Ju base soil 1),nevarez2017_vt,Virginia Tech,USA,OPC,OPC,57.3,37.17,0.0,37.17,3.0,35.0,13.0,22.0,3937.0,UCS,table,1,laboratory-made soil
VT artificial lean clay,VT artificial lean clay (Ju base soil 1),nevarez2017_vt,Virginia Tech,USA,OPC,OPC,57.3,37.17,0.0,37.17,7.0,35.0,13.0,22.0,4932.0,UCS,table,1,laboratory-made soil
VT artificial lean clay,VT artificial lean clay (Ju base soil 1),nevarez2017_vt,Virginia Tech,USA,OPC,OPC,57.3,37.17,0.0,37.17,14.0,35.0,13.0,22.0,7176.0,UCS,table,1,laboratory-made soil
VT artificial lean clay,VT artificial lean clay (Ju base soil 1),nevarez2017_vt,Virginia Tech,USA,OPC,OPC,57.3,37.17,0.0,37.17,28.0,35.0,13.0,22.0,7930.0,UCS,table,1,laboratory-made soil
VT artificial lean clay,VT artificial lean clay (Ju base soil 1),nevarez2017_vt,Virginia Tech,USA,OPC,OPC,51.3,11.65,0.0,11.65,3.0,35.0,13.0,22.0,528.0,UCS,table,1,laboratory-made soil
VT artificial lean clay,VT artificial lean clay (Ju base soil 1),nevarez2017_vt,Virginia Tech,USA,OPC,OPC,51.3,11.65,0.0,11.65,7.0,35.0,13.0,22.0,797.0,UCS,table,1,laboratory-made soil
VT artificial lean clay,VT artificial lean clay (Ju base soil 1),nevarez2017_vt,Virginia Tech,USA,OPC,OPC,51.3,11.65,0.0,11.65,14.0,35.0,13.0,22.0,1146.0,UCS,table,1,laboratory-made soil
VT artificial lean clay,VT artificial lean clay (Ju base soil 1),nevarez2017_vt,Virginia Tech,USA,OPC,OPC,51.3,11.65,0.0,11.65,28.0,35.0,13.0,22.0,1388.0,UCS,table,1,laboratory-made soil
VT artificial lean clay,VT artificial lean clay (Ju base soil 1),nevarez2017_vt,Virginia Tech,USA,OPC,OPC,65.4,21.73,0.0,21.73,3.0,35.0,13.0,22.0,924.0,UCS,table,1,laboratory-made soil
VT artificial lean clay,VT artificial lean clay (Ju base soil 1),nevarez2017_vt,Virginia Tech,USA,OPC,OPC,65.4,21.73,0.0,21.73,7.0,35.0,13.0,22.0,1609.0,UCS,table,1,laboratory-made soil
VT artificial lean clay,VT artificial lean clay (Ju base soil 1),nevarez2017_vt,Virginia Tech,USA,OPC,OPC,65.4,21.73,0.0,21.73,14.0,35.0,13.0,22.0,2103.0,UCS,table,1,laboratory-made soil
VT artificial lean clay,VT artificial lean clay (Ju base soil 1),nevarez2017_vt,Virginia Tech,USA,OPC,OPC,65.4,21.73,0.0,21.73,28.0,35.0,13.0,22.0,2502.0,UCS,table,1,laboratory-made soil
VT artificial lean clay,VT artificial lean clay (Ju base soil 1),nevarez2017_vt,Virginia Tech,USA,OPC,OPC,87.9,37.54,0.0,37.54,3.0,35.0,13.0,22.0,949.0,UCS,table,1,laboratory-made soil
VT artificial lean clay,VT artificial lean clay (Ju base soil 1),nevarez2017_vt,Virginia Tech,USA,OPC,OPC,87.9,37.54,0.0,37.54,7.0,35.0,13.0,22.0,1831.0,UCS,table,1,laboratory-made soil
VT artificial lean clay,VT artificial lean clay (Ju base soil 1),nevarez2017_vt,Virginia Tech,USA,OPC,OPC,87.9,37.54,0.0,37.54,14.0,35.0,13.0,22.0,2445.0,UCS,table,1,laboratory-made soil
VT artificial lean clay,VT artificial lean clay (Ju base soil 1),nevarez2017_vt,Virginia Tech,USA,OPC,OPC,87.9,37.54,0.0,37.54,28.0,35.0,13.0,22.0,2856.0,UCS,table,1,laboratory-made soil
VT artificial lean clay,VT artificial lean clay (Ju base soil 1),nevarez2017_vt,Virginia Tech,USA,OPC,OPC,45.9,10.88,0.0,10.88,7.0,35.0,13.0,22.0,946.0,UCS,table,1,laboratory-made soil
VT artificial lean clay,VT artificial lean clay (Ju base soil 1),nevarez2017_vt,Virginia Tech,USA,OPC,OPC,45.9,10.88,0.0,10.88,14.0,35.0,13.0,22.0,1250.0,UCS,table,1,laboratory-made soil
VT artificial lean clay,VT artificial lean clay (Ju base soil 1),nevarez2017_vt,Virginia Tech,USA,OPC,OPC,45.9,10.88,0.0,10.88,28.0,35.0,13.0,22.0,1589.0,UCS,table,1,laboratory-made soil
VT artificial lean clay,VT artificial lean clay (Ju base soil 1),nevarez2017_vt,Virginia Tech,USA,OPC,OPC,66.2,31.15,0.0,31.15,7.0,35.0,13.0,22.0,2632.0,UCS,table,1,laboratory-made soil
VT artificial lean clay,VT artificial lean clay (Ju base soil 1),nevarez2017_vt,Virginia Tech,USA,OPC,OPC,66.2,31.15,0.0,31.15,14.0,35.0,13.0,22.0,3132.0,UCS,table,1,laboratory-made soil
VT artificial lean clay,VT artificial lean clay (Ju base soil 1),nevarez2017_vt,Virginia Tech,USA,OPC,OPC,66.2,31.15,0.0,31.15,28.0,35.0,13.0,22.0,3912.0,UCS,table,1,laboratory-made soil
VT artificial lean clay,VT artificial lean clay (Ju base soil 1),nevarez2017_vt,Virginia Tech,USA,OPC,OPC,54.7,19.66,0.0,19.66,7.0,35.0,13.0,22.0,1775.0,UCS,table,1,laboratory-made soil
VT artificial lean clay,VT artificial lean clay (Ju base soil 1),nevarez2017_vt,Virginia Tech,USA,OPC,OPC,54.7,19.66,0.0,19.66,14.0,35.0,13.0,22.0,2239.0,UCS,table,1,laboratory-made soil
VT artificial lean clay,VT artificial lean clay (Ju base soil 1),nevarez2017_vt,Virginia Tech,USA,OPC,OPC,54.7,19.66,0.0,19.66,28.0,35.0,13.0,22.0,2780.0,UCS,table,1,laboratory-made soil
VT artificial lean clay,VT artificial lean clay (Ju base soil 1),nevarez2017_vt,Virginia Tech,USA,OPC,OPC,81.8,46.76,0.0,46.76,7.0,35.0,13.0,22.0,3701.0,UCS,table,1,laboratory-made soil
VT artificial lean clay,VT artificial lean clay (Ju base soil 1),nevarez2017_vt,Virginia Tech,USA,OPC,OPC,81.8,46.76,0.0,46.76,14.0,35.0,13.0,22.0,4430.0,UCS,table,1,laboratory-made soil
VT artificial lean clay,VT artificial lean clay (Ju base soil 1),nevarez2017_vt,Virginia Tech,USA,OPC,OPC,81.8,46.76,0.0,46.76,28.0,35.0,13.0,22.0,5239.0,UCS,table,1,laboratory-made soil
Nanjing dredged clay,Nanjing dredged clay (Qinhuai River),bian2016_nanjing,bian2016_nanjing,China,OPC,OPC,156.0,10.0,0.0,10.0,7.0,52.0,23.0,29.0,110.0,UCS,vector,1,
Nanjing dredged clay,Nanjing dredged clay (Qinhuai River),bian2016_nanjing,bian2016_nanjing,China,OPC,OPC,156.0,10.0,0.0,10.0,14.0,52.0,23.0,29.0,169.0,UCS,vector,1,
Nanjing dredged clay,Nanjing dredged clay (Qinhuai River),bian2016_nanjing,bian2016_nanjing,China,OPC,OPC,156.0,10.0,0.0,10.0,28.0,52.0,23.0,29.0,244.0,UCS,vector,1,
Nanjing dredged clay,Nanjing dredged clay (Qinhuai River),bian2016_nanjing,bian2016_nanjing,China,OPC,OPC,156.0,10.0,0.0,10.0,90.0,52.0,23.0,29.0,369.0,UCS,vector,1,
Huaihe River lake sediment,"Huaihe River lake sediment, Bengbu (Anhui)",cao2022_huaihe,cao2022_huaihe,China,slag cement,slag cement,88.2,10.0,46.0,23.134,14.0,58.8,26.9,31.9,206.0,UCS,vector,1,slag-cement composition inconsistent between papers
Huaihe River lake sediment,"Huaihe River lake sediment, Bengbu (Anhui)",cao2022_huaihe,cao2022_huaihe,China,slag cement,slag cement,88.2,13.0,46.0,30.0742,14.0,58.8,26.9,31.9,355.0,UCS,vector,1,slag-cement composition inconsistent between papers
Huaihe River lake sediment,"Huaihe River lake sediment, Bengbu (Anhui)",cao2022_huaihe,cao2022_huaihe,China,slag cement,slag cement,88.2,15.0,46.0,34.701,14.0,58.8,26.9,31.9,490.0,UCS,vector,2,slag-cement composition inconsistent between papers
Huaihe River lake sediment,"Huaihe River lake sediment, Bengbu (Anhui)",cao2022_huaihe,cao2022_huaihe,China,slag cement,slag cement,88.2,20.0,46.0,46.268,14.0,58.8,26.9,31.9,590.0,UCS,vector,1,slag-cement composition inconsistent between papers
Huaihe River lake sediment,"Huaihe River lake sediment, Bengbu (Anhui)",cao2022_huaihe,cao2022_huaihe,China,slag cement,slag cement,88.2,10.0,46.0,23.134,28.0,58.8,26.9,31.9,210.0,UCS,vector,1,slag-cement composition inconsistent between papers
Huaihe River lake sediment,"Huaihe River lake sediment, Bengbu (Anhui)",cao2022_huaihe,cao2022_huaihe,China,slag cement,slag cement,88.2,13.0,46.0,30.0742,28.0,58.8,26.9,31.9,489.0,UCS,vector,1,slag-cement composition inconsistent between papers
Huaihe River lake sediment,"Huaihe River lake sediment, Bengbu (Anhui)",cao2022_huaihe,cao2022_huaihe,China,slag cement,slag cement,88.2,15.0,46.0,34.701,28.0,58.8,26.9,31.9,549.5,UCS,vector,2,slag-cement composition inconsistent between papers
Huaihe River lake sediment,"Huaihe River lake sediment, Bengbu (Anhui)",cao2022_huaihe,cao2022_huaihe,China,slag cement,slag cement,88.2,20.0,46.0,46.268,28.0,58.8,26.9,31.9,707.0,UCS,vector,1,slag-cement composition inconsistent between papers
Huaihe River lake sediment,"Huaihe River lake sediment, Bengbu (Anhui)",cao2022_huaihe,cao2022_huaihe,China,slag cement,slag cement,88.2,10.0,46.0,23.134,3.0,58.8,26.9,31.9,164.0,UCS,vector,1,slag-cement composition inconsistent between papers
Huaihe River lake sediment,"Huaihe River lake sediment, Bengbu (Anhui)",cao2022_huaihe,cao2022_huaihe,China,slag cement,slag cement,88.2,13.0,46.0,30.0742,3.0,58.8,26.9,31.9,213.0,UCS,vector,1,slag-cement composition inconsistent between papers
Huaihe River lake sediment,"Huaihe River lake sediment, Bengbu (Anhui)",cao2022_huaihe,cao2022_huaihe,China,slag cement,slag cement,88.2,15.0,46.0,34.701,3.0,58.8,26.9,31.9,233.0,UCS,vector,2,slag-cement composition inconsistent between papers
Huaihe River lake sediment,"Huaihe River lake sediment, Bengbu (Anhui)",cao2022_huaihe,cao2022_huaihe,China,slag cement,slag cement,88.2,20.0,46.0,46.268,3.0,58.8,26.9,31.9,319.0,UCS,vector,1,slag-cement composition inconsistent between papers
Huaihe River lake sediment,"Huaihe River lake sediment, Bengbu (Anhui)",cao2022_huaihe,cao2022_huaihe,China,slag cement,slag cement,88.2,10.0,46.0,23.134,60.0,58.8,26.9,31.9,324.0,UCS,vector,1,slag-cement composition inconsistent between papers
Huaihe River lake sediment,"Huaihe River lake sediment, Bengbu (Anhui)",cao2022_huaihe,cao2022_huaihe,China,slag cement,slag cement,88.2,13.0,46.0,30.0742,60.0,58.8,26.9,31.9,679.0,UCS,vector,1,slag-cement composition inconsistent between papers
Huaihe River lake sediment,"Huaihe River lake sediment, Bengbu (Anhui)",cao2022_huaihe,cao2022_huaihe,China,slag cement,slag cement,88.2,15.0,46.0,34.701,60.0,58.8,26.9,31.9,893.5,UCS,vector,2,slag-cement composition inconsistent between papers
Huaihe River lake sediment,"Huaihe River lake sediment, Bengbu (Anhui)",cao2022_huaihe,cao2022_huaihe,China,slag cement,slag cement,88.2,20.0,46.0,46.268,60.0,58.8,26.9,31.9,1044.0,UCS,vector,1,slag-cement composition inconsistent between papers
Huaihe River lake sediment,"Huaihe River lake sediment, Bengbu (Anhui)",cao2022_huaihe,cao2022_huaihe,China,slag cement,slag cement,88.2,10.0,46.0,23.134,7.0,58.8,26.9,31.9,161.0,UCS,vector,1,slag-cement composition inconsistent between papers
Huaihe River lake sediment,"Huaihe River lake sediment, Bengbu (Anhui)",cao2022_huaihe,cao2022_huaihe,China,slag cement,slag cement,88.2,13.0,46.0,30.0742,7.0,58.8,26.9,31.9,236.0,UCS,vector,1,slag-cement composition inconsistent between papers
Huaihe River lake sediment,"Huaihe River lake sediment, Bengbu (Anhui)",cao2022_huaihe,cao2022_huaihe,China,slag cement,slag cement,88.2,15.0,46.0,34.701,7.0,58.8,26.9,31.9,328.0,UCS,vector,2,slag-cement composition inconsistent between papers
Huaihe River lake sediment,"Huaihe River lake sediment, Bengbu (Anhui)",cao2022_huaihe,cao2022_huaihe,China,slag cement,slag cement,88.2,20.0,46.0,46.268,7.0,58.8,26.9,31.9,452.0,UCS,vector,1,slag-cement composition inconsistent between papers
Huaihe River lake sediment,"Huaihe River lake sediment, Bengbu (Anhui)",cao2022_huaihe,cao2022_huaihe,China,slag cement,slag cement,102.9,15.0,46.0,34.701,14.0,58.8,26.9,31.9,301.0,UCS,vector,1,slag-cement composition inconsistent between papers
Huaihe River lake sediment,"Huaihe River lake sediment, Bengbu (Anhui)",cao2022_huaihe,cao2022_huaihe,China,slag cement,slag cement,117.6,15.0,46.0,34.701,14.0,58.8,26.9,31.9,258.0,UCS,vector,1,slag-cement composition inconsistent between papers
Huaihe River lake sediment,"Huaihe River lake sediment, Bengbu (Anhui)",cao2022_huaihe,cao2022_huaihe,China,slag cement,slag cement,132.3,15.0,46.0,34.701,14.0,58.8,26.9,31.9,209.0,UCS,vector,1,slag-cement composition inconsistent between papers
Huaihe River lake sediment,"Huaihe River lake sediment, Bengbu (Anhui)",cao2022_huaihe,cao2022_huaihe,China,slag cement,slag cement,102.9,15.0,46.0,34.701,28.0,58.8,26.9,31.9,376.0,UCS,vector,1,slag-cement composition inconsistent between papers
Huaihe River lake sediment,"Huaihe River lake sediment, Bengbu (Anhui)",cao2022_huaihe,cao2022_huaihe,China,slag cement,slag cement,117.6,15.0,46.0,34.701,28.0,58.8,26.9,31.9,309.0,UCS,vector,1,slag-cement composition inconsistent between papers
Huaihe River lake sediment,"Huaihe River lake sediment, Bengbu (Anhui)",cao2022_huaihe,cao2022_huaihe,China,slag cement,slag cement,132.3,15.0,46.0,34.701,28.0,58.8,26.9,31.9,267.0,UCS,vector,1,slag-cement composition inconsistent between papers
Huaihe River lake sediment,"Huaihe River lake sediment, Bengbu (Anhui)",cao2022_huaihe,cao2022_huaihe,China,slag cement,slag cement,102.9,15.0,46.0,34.701,3.0,58.8,26.9,31.9,198.0,UCS,vector,1,slag-cement composition inconsistent between papers
Huaihe River lake sediment,"Huaihe River lake sediment, Bengbu (Anhui)",cao2022_huaihe,cao2022_huaihe,China,slag cement,slag cement,117.6,15.0,46.0,34.701,3.0,58.8,26.9,31.9,174.0,UCS,vector,1,slag-cement composition inconsistent between papers
Huaihe River lake sediment,"Huaihe River lake sediment, Bengbu (Anhui)",cao2022_huaihe,cao2022_huaihe,China,slag cement,slag cement,132.3,15.0,46.0,34.701,3.0,58.8,26.9,31.9,124.0,UCS,vector,1,slag-cement composition inconsistent between papers
Huaihe River lake sediment,"Huaihe River lake sediment, Bengbu (Anhui)",cao2022_huaihe,cao2022_huaihe,China,slag cement,slag cement,102.9,15.0,46.0,34.701,60.0,58.8,26.9,31.9,587.0,UCS,vector,1,slag-cement composition inconsistent between papers
Huaihe River lake sediment,"Huaihe River lake sediment, Bengbu (Anhui)",cao2022_huaihe,cao2022_huaihe,China,slag cement,slag cement,117.6,15.0,46.0,34.701,60.0,58.8,26.9,31.9,543.0,UCS,vector,1,slag-cement composition inconsistent between papers
Huaihe River lake sediment,"Huaihe River lake sediment, Bengbu (Anhui)",cao2022_huaihe,cao2022_huaihe,China,slag cement,slag cement,132.3,15.0,46.0,34.701,60.0,58.8,26.9,31.9,440.0,UCS,vector,1,slag-cement composition inconsistent between papers
Huaihe River lake sediment,"Huaihe River lake sediment, Bengbu (Anhui)",cao2022_huaihe,cao2022_huaihe,China,slag cement,slag cement,102.9,15.0,46.0,34.701,7.0,58.8,26.9,31.9,241.0,UCS,vector,1,slag-cement composition inconsistent between papers
Huaihe River lake sediment,"Huaihe River lake sediment, Bengbu (Anhui)",cao2022_huaihe,cao2022_huaihe,China,slag cement,slag cement,117.6,15.0,46.0,34.701,7.0,58.8,26.9,31.9,207.0,UCS,vector,1,slag-cement composition inconsistent between papers
Huaihe River lake sediment,"Huaihe River lake sediment, Bengbu (Anhui)",cao2022_huaihe,cao2022_huaihe,China,slag cement,slag cement,132.3,15.0,46.0,34.701,7.0,58.8,26.9,31.9,122.0,UCS,vector,1,slag-cement composition inconsistent between papers
Hong Kong marine clay,"Hong Kong marine deposit, Lantau (HKMD, Ho et al.)",ho2021_hkmd,ho2021_hkmd,China (Hong Kong SAR),OPC,OPC,80.0,16.0,0.0,16.0,28.0,59.3,27.5,31.8,948.0,UCS,vector,1,
Hong Kong marine clay,"Hong Kong marine deposit, Lantau (HKMD, Ho et al.)",ho2021_hkmd,ho2021_hkmd,China (Hong Kong SAR),OPC,OPC,80.0,20.0,0.0,20.0,28.0,59.3,27.5,31.8,1094.0,UCS,vector,1,
Hong Kong marine clay,"Hong Kong marine deposit, Lantau (HKMD, Ho et al.)",ho2021_hkmd,ho2021_hkmd,China (Hong Kong SAR),OPC,OPC,80.0,26.67,0.0,26.67,28.0,59.3,27.5,31.8,809.0,UCS,vector,1,
Hong Kong marine clay,"Hong Kong marine deposit, Lantau (HKMD, Ho et al.)",ho2021_hkmd,ho2021_hkmd,China (Hong Kong SAR),OPC,OPC,80.0,30.0,0.0,30.0,28.0,59.3,27.5,31.8,940.0,UCS,vector,1,
Hong Kong marine clay,"Hong Kong marine deposit, Lantau (HKMD, Ho et al.)",ho2021_hkmd,ho2021_hkmd,China (Hong Kong SAR),OPC,OPC,100.0,20.0,0.0,20.0,28.0,59.3,27.5,31.8,855.0,UCS,vector,1,
Hong Kong marine clay,"Hong Kong marine deposit, Lantau (HKMD, Ho et al.)",ho2021_hkmd,ho2021_hkmd,China (Hong Kong SAR),OPC,OPC,100.0,25.0,0.0,25.0,28.0,59.3,27.5,31.8,1164.0,UCS,vector,1,
Hong Kong marine clay,"Hong Kong marine deposit, Lantau (HKMD, Ho et al.)",ho2021_hkmd,ho2021_hkmd,China (Hong Kong SAR),OPC,OPC,100.0,33.33,0.0,33.33,28.0,59.3,27.5,31.8,1557.0,UCS,vector,1,
Hong Kong marine clay,"Hong Kong marine deposit, Lantau (HKMD, Ho et al.)",ho2021_hkmd,ho2021_hkmd,China (Hong Kong SAR),OPC,OPC,120.0,24.0,0.0,24.0,28.0,59.3,27.5,31.8,964.0,UCS,vector,1,
Hong Kong marine clay,"Hong Kong marine deposit, Lantau (HKMD, Ho et al.)",ho2021_hkmd,ho2021_hkmd,China (Hong Kong SAR),OPC,OPC,120.0,30.0,0.0,30.0,28.0,59.3,27.5,31.8,1334.0,UCS,vector,1,
Hong Kong marine clay,"Hong Kong marine clay (HKMD, Jiao & Zhou)",jiao2023_hkmd,jiao2023_hkmd,China (Hong Kong SAR),OPC,OPC,80.0,15.0,0.0,15.0,28.0,63.9,28.2,35.7,1151.0,UCS,vector,1,
Hong Kong marine clay,"Hong Kong marine clay (HKMD, Jiao & Zhou)",jiao2023_hkmd,jiao2023_hkmd,China (Hong Kong SAR),OPC,OPC,90.0,25.0,0.0,25.0,28.0,63.9,28.2,35.7,1423.0,UCS,vector,1,
Hong Kong marine clay,"Hong Kong marine clay (HKMD, Jiao & Zhou)",jiao2023_hkmd,jiao2023_hkmd,China (Hong Kong SAR),OPC,OPC,100.0,35.0,0.0,35.0,28.0,63.9,28.2,35.7,2349.0,UCS,vector,1,
Nansha soft silt,"Nansha soft silt, Guangzhou (Pearl River delta)",liang2014_nansha,liang2014_nansha,China,OPC,OPC,75.0,10.0,0.0,10.0,7.0,52.84,38.14,14.7,240.0,UCS,table,1,
Nansha soft silt,"Nansha soft silt, Guangzhou (Pearl River delta)",liang2014_nansha,liang2014_nansha,China,OPC,OPC,75.0,10.0,0.0,10.0,15.0,52.84,38.14,14.7,255.0,UCS,table,1,
Nansha soft silt,"Nansha soft silt, Guangzhou (Pearl River delta)",liang2014_nansha,liang2014_nansha,China,OPC,OPC,75.0,10.0,0.0,10.0,28.0,52.84,38.14,14.7,270.0,UCS,table,1,
Nansha soft silt,"Nansha soft silt, Guangzhou (Pearl River delta)",liang2014_nansha,liang2014_nansha,China,OPC,OPC,77.5,15.0,0.0,15.0,7.0,52.84,38.14,14.7,448.0,UCS,table,1,
Nansha soft silt,"Nansha soft silt, Guangzhou (Pearl River delta)",liang2014_nansha,liang2014_nansha,China,OPC,OPC,77.5,15.0,0.0,15.0,15.0,52.84,38.14,14.7,520.0,UCS,table,1,
Nansha soft silt,"Nansha soft silt, Guangzhou (Pearl River delta)",liang2014_nansha,liang2014_nansha,China,OPC,OPC,77.5,15.0,0.0,15.0,28.0,52.84,38.14,14.7,661.0,UCS,table,1,
Nansha soft silt,"Nansha soft silt, Guangzhou (Pearl River delta)",liang2014_nansha,liang2014_nansha,China,OPC,OPC,80.0,20.0,0.0,20.0,7.0,52.84,38.14,14.7,608.0,UCS,table,1,
Nansha soft silt,"Nansha soft silt, Guangzhou (Pearl River delta)",liang2014_nansha,liang2014_nansha,China,OPC,OPC,80.0,20.0,0.0,20.0,15.0,52.84,38.14,14.7,770.0,UCS,table,1,
Nansha soft silt,"Nansha soft silt, Guangzhou (Pearl River delta)",liang2014_nansha,liang2014_nansha,China,OPC,OPC,80.0,20.0,0.0,20.0,28.0,52.84,38.14,14.7,966.0,UCS,table,1,
Nansha soft silt,"Nansha soft silt, Guangzhou (Pearl River delta)",liang2014_nansha,liang2014_nansha,China,OPC,OPC,82.5,25.0,0.0,25.0,7.0,52.84,38.14,14.7,846.0,UCS,table,1,
Nansha soft silt,"Nansha soft silt, Guangzhou (Pearl River delta)",liang2014_nansha,liang2014_nansha,China,OPC,OPC,82.5,25.0,0.0,25.0,15.0,52.84,38.14,14.7,1310.0,UCS,table,1,
Nansha soft silt,"Nansha soft silt, Guangzhou (Pearl River delta)",liang2014_nansha,liang2014_nansha,China,OPC,OPC,82.5,25.0,0.0,25.0,28.0,52.84,38.14,14.7,1560.0,UCS,table,1,
Shanghai soft clay,"Shanghai soft clay (SJTU campus, 6 m)",ma2016_shanghai,ma2016_shanghai,China,OPC,OPC,75.0,10.0,0.0,10.0,7.0,42.36,24.27,18.09,35.0,UCS,vector,1,
Shanghai soft clay,"Shanghai soft clay (SJTU campus, 6 m)",ma2016_shanghai,ma2016_shanghai,China,OPC,OPC,75.0,10.0,0.0,10.0,28.0,42.36,24.27,18.09,80.0,UCS,vector,1,
Shanghai soft clay,"Shanghai soft clay (SJTU campus, 6 m)",ma2016_shanghai,ma2016_shanghai,China,OPC,OPC,75.0,10.0,0.0,10.0,60.0,42.36,24.27,18.09,107.0,UCS,vector,1,
Shanghai soft clay,"Shanghai soft clay (SJTU campus, 6 m)",ma2016_shanghai,ma2016_shanghai,China,OPC,OPC,77.5,15.0,0.0,15.0,7.0,42.36,24.27,18.09,120.0,UCS,vector,1,
Shanghai soft clay,"Shanghai soft clay (SJTU campus, 6 m)",ma2016_shanghai,ma2016_shanghai,China,OPC,OPC,77.5,15.0,0.0,15.0,28.0,42.36,24.27,18.09,233.0,UCS,vector,1,
Shanghai soft clay,"Shanghai soft clay (SJTU campus, 6 m)",ma2016_shanghai,ma2016_shanghai,China,OPC,OPC,77.5,15.0,0.0,15.0,60.0,42.36,24.27,18.09,336.0,UCS,vector,1,
Ningbo muddy clay,"Ningbo muddy clay (presumed; authors at NIT Zhejiang Univ., Ningbo)",shen2019_ningbo,shen2019_ningbo,China,OPC,OPC,43.85,13.7,0.0,13.7,7.0,37.5,21.1,16.4,1006.0,UCS,table,1,
Ningbo muddy clay,"Ningbo muddy clay (presumed; authors at NIT Zhejiang Univ., Ningbo)",shen2019_ningbo,shen2019_ningbo,China,OPC,OPC,43.85,13.7,0.0,13.7,14.0,37.5,21.1,16.4,1276.0,UCS,table,1,
Ningbo muddy clay,"Ningbo muddy clay (presumed; authors at NIT Zhejiang Univ., Ningbo)",shen2019_ningbo,shen2019_ningbo,China,OPC,OPC,43.85,13.7,0.0,13.7,28.0,37.5,21.1,16.4,1335.0,UCS,table,1,
Ningbo muddy clay,"Ningbo muddy clay (presumed; authors at NIT Zhejiang Univ., Ningbo)",shen2019_ningbo,shen2019_ningbo,China,OPC,OPC,43.85,13.7,0.0,13.7,60.0,37.5,21.1,16.4,1734.0,UCS,table,1,
Ningbo muddy clay,"Ningbo muddy clay (presumed; authors at NIT Zhejiang Univ., Ningbo)",shen2019_ningbo,shen2019_ningbo,China,OPC,OPC,43.85,13.7,0.0,13.7,90.0,37.5,21.1,16.4,1748.0,UCS,table,1,
Ningbo muddy clay,"Ningbo muddy clay (presumed; authors at NIT Zhejiang Univ., Ningbo)",shen2019_ningbo,shen2019_ningbo,China,OPC,OPC,47.27,20.55,0.0,20.55,7.0,37.5,21.1,16.4,1415.0,UCS,table,1,
Ningbo muddy clay,"Ningbo muddy clay (presumed; authors at NIT Zhejiang Univ., Ningbo)",shen2019_ningbo,shen2019_ningbo,China,OPC,OPC,47.27,20.55,0.0,20.55,14.0,37.5,21.1,16.4,1822.0,UCS,table,1,
Ningbo muddy clay,"Ningbo muddy clay (presumed; authors at NIT Zhejiang Univ., Ningbo)",shen2019_ningbo,shen2019_ningbo,China,OPC,OPC,47.27,20.55,0.0,20.55,28.0,37.5,21.1,16.4,2706.0,UCS,table,1,
Ningbo muddy clay,"Ningbo muddy clay (presumed; authors at NIT Zhejiang Univ., Ningbo)",shen2019_ningbo,shen2019_ningbo,China,OPC,OPC,47.27,20.55,0.0,20.55,60.0,37.5,21.1,16.4,2854.0,UCS,table,1,
Ningbo muddy clay,"Ningbo muddy clay (presumed; authors at NIT Zhejiang Univ., Ningbo)",shen2019_ningbo,shen2019_ningbo,China,OPC,OPC,47.27,20.55,0.0,20.55,90.0,37.5,21.1,16.4,3013.0,UCS,table,1,
Zhaoqing dredged sludge,"Zhaoqing dredged sludge (Dawang, Guangdong)",zhu2022_zhaoqing,zhu2022_zhaoqing,China,OPC,OPC,60.0,30.0,0.0,30.0,3.0,50.0,27.6,22.4,823.3,UCS,text,1,
Zhaoqing dredged sludge,"Zhaoqing dredged sludge (Dawang, Guangdong)",zhu2022_zhaoqing,zhu2022_zhaoqing,China,OPC,OPC,60.0,30.0,0.0,30.0,7.0,50.0,27.6,22.4,1949.6,UCS,text,1,
Zhaoqing dredged sludge,"Zhaoqing dredged sludge (Dawang, Guangdong)",zhu2022_zhaoqing,zhu2022_zhaoqing,China,OPC,OPC,60.0,30.0,0.0,30.0,28.0,50.0,27.6,22.4,2354.5,UCS,text,1,
Linkoping clay,Linkoping clay,ahnberg2003,ahnberg2003,Sweden,OPC,OPC,78.0,11.48,0.0,11.48,28.0,70.0,24.0,46.0,557.3,UCS,vector,2,
Linkoping clay,Linkoping clay,ahnberg2003,ahnberg2003,Sweden,OPC,OPC,78.0,11.48,0.0,11.48,91.0,70.0,24.0,46.0,862.85,UCS,vector,2,
Linkoping clay,Linkoping clay,ahnberg2003,ahnberg2003,Sweden,OPC,OPC,78.0,11.48,0.0,11.48,7.0,70.0,24.0,46.0,285.1,UCS,vector,1,
Linkoping clay,Linkoping clay,ahnberg2003,ahnberg2003,Sweden,OPC,OPC,78.0,11.48,0.0,11.48,364.0,70.0,24.0,46.0,859.0,UCS,vector,1,
Linkoping clay,Linkoping clay,ahnberg2003,ahnberg2003,Sweden,PC+FA,OPC,78.0,11.48,50.0,15.785,7.0,70.0,24.0,46.0,173.6,UCS,vector,1,
Linkoping clay,Linkoping clay,ahnberg2003,ahnberg2003,Sweden,PC+FA,OPC,78.0,11.48,50.0,15.785,28.0,70.0,24.0,46.0,258.6,UCS,vector,1,
Linkoping clay,Linkoping clay,ahnberg2003,ahnberg2003,Sweden,PC+FA,OPC,78.0,11.48,50.0,15.785,364.0,70.0,24.0,46.0,414.2,UCS,vector,1,
Linkoping clay,Linkoping clay,ahnberg2003,ahnberg2003,Sweden,PC+FA,OPC,78.0,11.48,25.0,13.6325,28.0,70.0,24.0,46.0,484.1,UCS,vector,1,
Linkoping clay,Linkoping clay,ahnberg2003,ahnberg2003,Sweden,PC+FA,OPC,78.0,11.48,25.0,13.6325,364.0,70.0,24.0,46.0,610.8,UCS,vector,1,
Linkoping clay,Linkoping clay,ahnberg2003,ahnberg2003,Sweden,PC+slag,slag cement,78.0,11.48,50.0,27.1502,28.0,70.0,24.0,46.0,588.9,UCS,vector,2,
Linkoping clay,Linkoping clay,ahnberg2003,ahnberg2003,Sweden,PC+slag,slag cement,78.0,11.48,50.0,27.1502,91.0,70.0,24.0,46.0,851.05,UCS,vector,2,
Linkoping clay,Linkoping clay,ahnberg2003,ahnberg2003,Sweden,PC+slag,slag cement,78.0,11.48,50.0,27.1502,364.0,70.0,24.0,46.0,933.9,UCS,vector,2,
Linkoping clay,Linkoping clay,ahnberg2003,ahnberg2003,Sweden,PC+slag,slag cement,78.0,11.48,75.0,30.8525,28.0,70.0,24.0,46.0,255.0,UCS,vector,1,
Linkoping clay,Linkoping clay,ahnberg2003,ahnberg2003,Sweden,PC+slag,slag cement,78.0,11.48,75.0,30.8525,91.0,70.0,24.0,46.0,549.6,UCS,vector,1,
Linkoping clay,Linkoping clay,ahnberg2003,ahnberg2003,Sweden,PC+slag,slag cement,78.0,11.48,75.0,30.8525,364.0,70.0,24.0,46.0,633.5,UCS,vector,1,
Linkoping clay,Linkoping clay,ahnberg2003,ahnberg2003,Sweden,PC+slag,slag cement,78.0,11.48,50.0,27.1502,7.0,70.0,24.0,46.0,296.9,UCS,vector,1,
Linkoping clay,Linkoping clay,ahnberg2003,ahnberg2003,Sweden,PCC,PCC,78.0,11.48,0.0,11.48,7.0,70.0,24.0,46.0,376.1,UCS,vector,1,
Linkoping clay,Linkoping clay,ahnberg2003,ahnberg2003,Sweden,PCC,PCC,78.0,11.48,0.0,11.48,28.0,70.0,24.0,46.0,519.5,UCS,vector,1,
Linkoping clay,Linkoping clay,ahnberg2003,ahnberg2003,Sweden,PCC,PCC,78.0,11.48,0.0,11.48,91.0,70.0,24.0,46.0,627.6,UCS,vector,1,
Linkoping clay,Linkoping clay,ahnberg2003,ahnberg2003,Sweden,PCC,PCC,78.0,11.48,0.0,11.48,364.0,70.0,24.0,46.0,746.0,UCS,vector,1,
Linkoping clay,Linkoping clay,ahnberg2003,ahnberg2003,Sweden,lime-cement,OPC,78.0,11.48,0.0,11.48,7.0,70.0,24.0,46.0,186.5,UCS,vector,2,
Linkoping clay,Linkoping clay,ahnberg2003,ahnberg2003,Sweden,lime-cement,OPC,78.0,11.48,0.0,11.48,28.0,70.0,24.0,46.0,354.35,UCS,vector,4,
Linkoping clay,Linkoping clay,ahnberg2003,ahnberg2003,Sweden,lime-cement,OPC,78.0,11.48,0.0,11.48,91.0,70.0,24.0,46.0,535.4666666666667,UCS,vector,3,
Linkoping clay,Linkoping clay,ahnberg2003,ahnberg2003,Sweden,lime-cement,OPC,78.0,11.48,0.0,11.48,364.0,70.0,24.0,46.0,767.625,UCS,vector,4,
Linkoping clay,Linkoping clay,ahnberg2003,ahnberg2003,Sweden,other:PC+PFBC ash,OPC,78.0,11.48,50.0,15.785,28.0,70.0,24.0,46.0,312.3,UCS,vector,1,
Linkoping clay,Linkoping clay,ahnberg2003,ahnberg2003,Sweden,other:PC+PFBC ash,OPC,78.0,11.48,50.0,15.785,91.0,70.0,24.0,46.0,416.8,UCS,vector,1,
Linkoping clay,Linkoping clay,ahnberg2003,ahnberg2003,Sweden,other:PC+PFBC ash,OPC,78.0,11.48,50.0,15.785,364.0,70.0,24.0,46.0,528.8,UCS,vector,1,
Linkoping clay,Linkoping clay,ahnberg2003,ahnberg2003,Sweden,other:PC+PFBC ash,OPC,78.0,11.48,25.0,13.6325,28.0,70.0,24.0,46.0,514.2,UCS,vector,1,
Linkoping clay,Linkoping clay,ahnberg2003,ahnberg2003,Sweden,other:PC+PFBC ash,OPC,78.0,11.48,25.0,13.6325,91.0,70.0,24.0,46.0,707.3,UCS,vector,1,
Linkoping clay,Linkoping clay,ahnberg2003,ahnberg2003,Sweden,other:PC+PFBC ash,OPC,78.0,11.48,25.0,13.6325,364.0,70.0,24.0,46.0,953.5,UCS,vector,1,
Linkoping clay,Linkoping clay,ahnberg2003,ahnberg2003,Sweden,other:slag+lime,slag cement,78.0,11.48,0.0,19.7456,7.0,70.0,24.0,46.0,33.05,UCS,vector,2,
Linkoping clay,Linkoping clay,ahnberg2003,ahnberg2003,Sweden,other:slag+lime,slag cement,78.0,11.48,0.0,19.7456,28.0,70.0,24.0,46.0,61.65,UCS,vector,2,
Linkoping clay,Linkoping clay,ahnberg2003,ahnberg2003,Sweden,other:slag+lime,slag cement,78.0,11.48,0.0,19.7456,91.0,70.0,24.0,46.0,218.7,UCS,vector,2,
Linkoping clay,Linkoping clay,ahnberg2003,ahnberg2003,Sweden,other:slag+lime,slag cement,78.0,11.48,0.0,19.7456,364.0,70.0,24.0,46.0,556.6,UCS,vector,2,
Linkoping clay,Linkoping clay,ahnberg2003,ahnberg2003,Sweden,other:slag+lime+FA,slag cement,78.0,11.48,0.0,19.7456,28.0,70.0,24.0,46.0,50.8,UCS,vector,1,
Linkoping clay,Linkoping clay,ahnberg2003,ahnberg2003,Sweden,other:slag+lime+FA,slag cement,78.0,11.48,0.0,19.7456,91.0,70.0,24.0,46.0,90.9,UCS,vector,1,
Loftabro clay,Loftabro clay,ahnberg2003,ahnberg2003,Sweden,OPC,OPC,89.0,12.43,0.0,12.43,28.0,66.0,23.0,43.0,517.2,UCS,vector,1,
Loftabro clay,Loftabro clay,ahnberg2003,ahnberg2003,Sweden,OPC,OPC,89.0,12.43,0.0,12.43,91.0,66.0,23.0,43.0,619.9,UCS,vector,1,
Loftabro clay,Loftabro clay,ahnberg2003,ahnberg2003,Sweden,OPC,OPC,89.0,12.43,0.0,12.43,364.0,66.0,23.0,43.0,941.5,UCS,vector,1,
Loftabro clay,Loftabro clay,ahnberg2003,ahnberg2003,Sweden,PC+FA,OPC,89.0,12.43,50.0,17.0912,28.0,66.0,23.0,43.0,214.9,UCS,vector,1,
Loftabro clay,Loftabro clay,ahnberg2003,ahnberg2003,Sweden,PC+FA,OPC,89.0,12.43,25.0,14.7606,28.0,66.0,23.0,43.0,352.4,UCS,vector,1,
Loftabro clay,Loftabro clay,ahnberg2003,ahnberg2003,Sweden,PC+slag,slag cement,89.0,12.43,50.0,29.397,28.0,66.0,23.0,43.0,381.4,UCS,vector,1,
Loftabro clay,Loftabro clay,ahnberg2003,ahnberg2003,Sweden,PC+slag,slag cement,89.0,12.43,50.0,29.397,91.0,66.0,23.0,43.0,1186.1,UCS,vector,1,
Loftabro clay,Loftabro clay,ahnberg2003,ahnberg2003,Sweden,PC+slag,slag cement,89.0,12.43,50.0,29.397,364.0,66.0,23.0,43.0,1118.8,UCS,vector,1,
Loftabro clay,Loftabro clay,ahnberg2003,ahnberg2003,Sweden,PCC,PCC,89.0,12.43,0.0,12.43,7.0,66.0,23.0,43.0,289.9,UCS,vector,1,
Loftabro clay,Loftabro clay,ahnberg2003,ahnberg2003,Sweden,PCC,PCC,89.0,12.43,0.0,12.43,28.0,66.0,23.0,43.0,546.1,UCS,vector,1,
Loftabro clay,Loftabro clay,ahnberg2003,ahnberg2003,Sweden,PCC,PCC,89.0,12.43,0.0,12.43,91.0,66.0,23.0,43.0,754.5,UCS,vector,1,
Loftabro clay,Loftabro clay,ahnberg2003,ahnberg2003,Sweden,PCC,PCC,89.0,12.43,0.0,12.43,364.0,66.0,23.0,43.0,1029.0,UCS,vector,1,
Loftabro clay,Loftabro clay,ahnberg2003,ahnberg2003,Sweden,lime-cement,OPC,89.0,12.43,0.0,12.43,28.0,66.0,23.0,43.0,326.45,UCS,vector,2,
Loftabro clay,Loftabro clay,ahnberg2003,ahnberg2003,Sweden,lime-cement,OPC,89.0,12.43,0.0,12.43,91.0,66.0,23.0,43.0,650.3,UCS,vector,2,
Loftabro clay,Loftabro clay,ahnberg2003,ahnberg2003,Sweden,lime-cement,OPC,89.0,12.43,0.0,12.43,364.0,66.0,23.0,43.0,1293.35,UCS,vector,2,
Loftabro clay,Loftabro clay,ahnberg2003,ahnberg2003,Sweden,other:PC+PFBC ash,OPC,89.0,12.43,50.0,17.0912,28.0,66.0,23.0,43.0,292.2,UCS,vector,1,
Loftabro clay,Loftabro clay,ahnberg2003,ahnberg2003,Sweden,other:PC+PFBC ash,OPC,89.0,12.43,50.0,17.0912,91.0,66.0,23.0,43.0,350.7,UCS,vector,1,
Loftabro clay,Loftabro clay,ahnberg2003,ahnberg2003,Sweden,other:PC+PFBC ash,OPC,89.0,12.43,25.0,14.7606,28.0,66.0,23.0,43.0,380.2,UCS,vector,1,
Loftabro clay,Loftabro clay,ahnberg2003,ahnberg2003,Sweden,other:PC+PFBC ash,OPC,89.0,12.43,25.0,14.7606,91.0,66.0,23.0,43.0,747.4,UCS,vector,1,
Loftabro clay,Loftabro clay,ahnberg2003,ahnberg2003,Sweden,other:slag+lime,slag cement,89.0,12.43,0.0,21.3796,28.0,66.0,23.0,43.0,423.3,UCS,vector,2,
Loftabro clay,Loftabro clay,ahnberg2003,ahnberg2003,Sweden,other:slag+lime,slag cement,89.0,12.43,0.0,21.3796,91.0,66.0,23.0,43.0,1153.6,UCS,vector,2,
Loftabro clay,Loftabro clay,ahnberg2003,ahnberg2003,Sweden,other:slag+lime,slag cement,89.0,12.43,0.0,21.3796,364.0,66.0,23.0,43.0,1686.5,UCS,vector,1,
Norwegian low-plastic marine clay,"Norwegian low-plastic marine clay (NGI road project, lime-cement piles)",falle2021,falle2021,Norway,lime-cement,OPC,30.02,1.88,0.0,1.88,28.0,32.4,21.0,11.4,270.7,UCS,table,2,
Norwegian low-plastic marine clay,"Norwegian low-plastic marine clay (NGI road project, lime-cement piles)",falle2021,falle2021,Norway,lime-cement,OPC,30.02,3.13,0.0,3.13,28.0,32.4,21.0,11.4,380.7000000000001,UCS,table,2,
Norwegian low-plastic marine clay,"Norwegian low-plastic marine clay (NGI road project, lime-cement piles)",falle2021,falle2021,Norway,lime-cement,OPC,30.02,5.0,0.0,5.0,28.0,32.4,21.0,11.4,493.8,UCS,table,2,
Kuopio clay,Kuopio clay,hassan2009,hassan2009,Finland,PCC,PCC,62.7,2.88,0.0,2.88,7.0,51.0,26.0,25.0,35.7,UCS,vector,1,
Kuopio clay,Kuopio clay,hassan2009,hassan2009,Finland,PCC,PCC,62.7,5.93,0.0,5.93,7.0,51.0,26.0,25.0,195.5,UCS,vector,1,
Kuopio clay,Kuopio clay,hassan2009,hassan2009,Finland,PCC,PCC,62.7,11.79,0.0,11.79,7.0,51.0,26.0,25.0,321.8,UCS,vector,1,
Kuopio clay,Kuopio clay,hassan2009,hassan2009,Finland,PCC,PCC,62.7,14.71,0.0,14.71,7.0,51.0,26.0,25.0,418.6,UCS,vector,1,
Kuopio clay,Kuopio clay,hassan2009,hassan2009,Finland,PCC,PCC,62.7,2.88,0.0,2.88,28.0,51.0,26.0,25.0,48.3,UCS,vector,1,
Kuopio clay,Kuopio clay,hassan2009,hassan2009,Finland,PCC,PCC,62.7,5.93,0.0,5.93,28.0,51.0,26.0,25.0,263.0,UCS,vector,1,
Kuopio clay,Kuopio clay,hassan2009,hassan2009,Finland,PCC,PCC,62.7,11.79,0.0,11.79,28.0,51.0,26.0,25.0,486.1,UCS,vector,1,
Kuopio clay,Kuopio clay,hassan2009,hassan2009,Finland,PCC,PCC,62.7,14.71,0.0,14.71,28.0,51.0,26.0,25.0,776.8,UCS,vector,1,
Otaniemi clay,"Otaniemi clay (HUT, Espoo)",hassan2009,hassan2009,Finland,PCC,PCC,75.0,2.82,0.0,2.82,7.0,71.0,30.0,41.0,50.3,UCS,vector,1,
Otaniemi clay,"Otaniemi clay (HUT, Espoo)",hassan2009,hassan2009,Finland,PCC,PCC,75.0,5.63,0.0,5.63,7.0,71.0,30.0,41.0,147.1,UCS,vector,1,
Otaniemi clay,"Otaniemi clay (HUT, Espoo)",hassan2009,hassan2009,Finland,PCC,PCC,75.0,11.11,0.0,11.11,7.0,71.0,30.0,41.0,420.7,UCS,vector,1,
Otaniemi clay,"Otaniemi clay (HUT, Espoo)",hassan2009,hassan2009,Finland,PCC,PCC,75.0,16.6,0.0,16.6,7.0,71.0,30.0,41.0,711.3,UCS,vector,1,
Otaniemi clay,"Otaniemi clay (HUT, Espoo)",hassan2009,hassan2009,Finland,PCC,PCC,75.0,2.82,0.0,2.82,28.0,71.0,30.0,41.0,58.7,UCS,vector,1,
Otaniemi clay,"Otaniemi clay (HUT, Espoo)",hassan2009,hassan2009,Finland,PCC,PCC,75.0,5.63,0.0,5.63,28.0,71.0,30.0,41.0,248.4,UCS,vector,1,
Otaniemi clay,"Otaniemi clay (HUT, Espoo)",hassan2009,hassan2009,Finland,PCC,PCC,75.0,11.11,0.0,11.11,28.0,71.0,30.0,41.0,681.7,UCS,vector,1,
Otaniemi clay,"Otaniemi clay (HUT, Espoo)",hassan2009,hassan2009,Finland,PCC,PCC,75.0,16.6,0.0,16.6,28.0,71.0,30.0,41.0,1132.5,UCS,vector,1,
Malmi clay,"Malmi clay (Helsinki), northern site 2.0-4.5 m",lopezramirez2024,lopezramirez2024,Finland,other:CSAB cement,OPC,112.0,8.49,0.0,8.49,28.0,82.0,32.1,49.9,47.7,UCS,vector,1,
Malmi clay,"Malmi clay (Helsinki), northern site 2.0-4.5 m",lopezramirez2024,lopezramirez2024,Finland,other:LKD+CEM II,OPC,112.0,8.49,0.0,8.49,28.0,82.0,32.1,49.9,55.9,UCS,vector,1,
Malmi clay,"Malmi clay (Helsinki), northern site 2.0-4.5 m",lopezramirez2024,lopezramirez2024,Finland,other:LKD+CEM II+quicklime,OPC,112.0,8.49,0.0,8.49,28.0,82.0,32.1,49.9,64.3,UCS,vector,1,
Malmi clay,"Malmi clay (Helsinki), northern site 2.0-4.5 m",lopezramirez2024,lopezramirez2024,Finland,PC+FA,OPC,112.0,8.49,80.0,13.584,28.0,82.0,32.1,49.9,66.5,UCS,vector,1,
Malmi clay,"Malmi clay (Helsinki), northern site 2.0-4.5 m",lopezramirez2024,lopezramirez2024,Finland,lime-cement,OPC,112.0,8.49,0.0,8.49,28.0,82.0,32.1,49.9,90.8,UCS,vector,1,
Malmi clay,"Malmi clay (Helsinki), northern site 2.0-4.5 m",lopezramirez2024,lopezramirez2024,Finland,lime-cement,OPC,107.0,14.3,0.0,14.3,28.0,82.0,32.1,49.9,60.7,UCS,vector,2,
Malmi clay,"Malmi clay (Helsinki), northern site 2.0-4.5 m",lopezramirez2024,lopezramirez2024,Finland,other:LKD+CEM II+quicklime,OPC,107.0,14.3,0.0,14.3,28.0,82.0,32.1,49.9,44.3,UCS,vector,1,
Malmi clay,"Malmi clay (Helsinki), northern site 2.0-4.5 m",lopezramirez2024,lopezramirez2024,Finland,other:LKD+CEM II,OPC,107.0,14.3,0.0,14.3,28.0,82.0,32.1,49.9,72.1,UCS,vector,1,
Malmi clay,"Malmi clay (Helsinki), northern site 2.0-4.5 m",lopezramirez2024,lopezramirez2024,Finland,other:slaked lime+gypsum+CEM III,OPC,107.0,14.3,0.0,14.3,28.0,82.0,32.1,49.9,183.0,UCS,vector,1,
Malmi clay,"Malmi clay (Helsinki), northern site 2.0-4.5 m",lopezramirez2024,lopezramirez2024,Finland,slag cement,slag cement,107.0,14.3,0.0,24.596,28.0,82.0,32.1,49.9,239.4,UCS,vector,1,
Malmi clay,"Malmi clay (Helsinki), northern site 2.0-4.5 m",lopezramirez2024,lopezramirez2024,Finland,other:LKD+CEM II+quicklime,OPC,112.0,16.98,0.0,16.98,28.0,82.0,32.1,49.9,87.8,UCS,vector,1,
Malmi clay,"Malmi clay (Helsinki), northern site 2.0-4.5 m",lopezramirez2024,lopezramirez2024,Finland,other:LKD+CEM II,OPC,112.0,16.98,0.0,16.98,28.0,82.0,32.1,49.9,106.0,UCS,vector,1,
Malmi clay,"Malmi clay (Helsinki), northern site 2.0-4.5 m",lopezramirez2024,lopezramirez2024,Finland,lime-cement,OPC,112.0,16.98,0.0,16.98,28.0,82.0,32.1,49.9,163.85,UCS,vector,2,
Malmi clay,"Malmi clay (Helsinki), northern site 2.0-4.5 m",lopezramirez2024,lopezramirez2024,Finland,slag cement,slag cement,107.0,17.16,0.0,29.5152,28.0,82.0,32.1,49.9,259.2,UCS,vector,1,
Malmi clay,"Malmi clay (Helsinki), northern site 2.0-4.5 m",lopezramirez2024,lopezramirez2024,Finland,PCC,PCC,112.0,16.98,0.0,16.98,28.0,82.0,32.1,49.9,334.3,UCS,vector,1,
Malmi clay,"Malmi clay (Helsinki), northern site 2.0-4.5 m",lopezramirez2024,lopezramirez2024,Finland,other:slaked lime+gypsum+CEM III,OPC,112.0,16.98,0.0,16.98,28.0,82.0,32.1,49.9,360.8,UCS,vector,1,
Malmi clay,"Malmi clay (Helsinki), northern site 2.0-4.5 m",lopezramirez2024,lopezramirez2024,Finland,slag cement,slag cement,107.0,20.02,0.0,34.4344,28.0,82.0,32.1,49.9,316.5,UCS,vector,1,
Malmi clay,"Malmi clay (Helsinki), northern site 2.0-4.5 m",lopezramirez2024,lopezramirez2024,Finland,other:LKD+CEM II+quicklime,OPC,112.0,22.64,0.0,22.64,28.0,82.0,32.1,49.9,143.3,UCS,vector,1,
Malmi clay,"Malmi clay (Helsinki), northern site 2.0-4.5 m",lopezramirez2024,lopezramirez2024,Finland,other:CSAB cement,OPC,107.0,22.88,0.0,22.88,28.0,82.0,32.1,49.9,143.3,UCS,vector,1,
Malmi clay,"Malmi clay (Helsinki), northern site 2.0-4.5 m",lopezramirez2024,lopezramirez2024,Finland,other:LKD+CEM II,OPC,112.0,22.64,0.0,22.64,28.0,82.0,32.1,49.9,218.8,UCS,vector,1,
Malmi clay,"Malmi clay (Helsinki), northern site 2.0-4.5 m",lopezramirez2024,lopezramirez2024,Finland,lime-cement,OPC,107.0,22.88,0.0,22.88,28.0,82.0,32.1,49.9,251.1,UCS,vector,1,
Malmi clay,"Malmi clay (Helsinki), northern site 2.0-4.5 m",lopezramirez2024,lopezramirez2024,Finland,slag cement,slag cement,107.0,22.88,0.0,39.3536,28.0,82.0,32.1,49.9,328.3,UCS,vector,1,
Malmi clay,"Malmi clay (Helsinki), northern site 2.0-4.5 m",lopezramirez2024,lopezramirez2024,Finland,other:slaked lime+gypsum+CEM III,OPC,107.0,22.88,0.0,22.88,28.0,82.0,32.1,49.9,607.9,UCS,vector,1,
Kinnegar sleech,Kinnegar sleech (Belfast Lough estuarine clay),timoney2015,timoney2015,UK,PC+slag,slag cement,71.2,5.29,50.0,12.5109,7.0,75.0,27.5,47.5,22.8,UCS,table,1,
Kinnegar sleech,Kinnegar sleech (Belfast Lough estuarine clay),timoney2015,timoney2015,UK,PC+slag,slag cement,71.2,5.29,50.0,12.5109,28.0,75.0,27.5,47.5,73.5,UCS,table,1,
Kinnegar sleech,Kinnegar sleech (Belfast Lough estuarine clay),timoney2015,timoney2015,UK,PC+slag,slag cement,71.2,5.29,50.0,12.5109,91.0,75.0,27.5,47.5,104.8,UCS,table,1,
Kinnegar sleech,Kinnegar sleech (Belfast Lough estuarine clay),timoney2015,timoney2015,UK,PC+slag,slag cement,62.2,10.02,50.0,23.6973,7.0,75.0,27.5,47.5,294.2,UCS,table,1,
Kinnegar sleech,Kinnegar sleech (Belfast Lough estuarine clay),timoney2015,timoney2015,UK,PC+slag,slag cement,62.2,10.02,50.0,23.6973,28.0,75.0,27.5,47.5,380.1,UCS,table,1,
Kinnegar sleech,Kinnegar sleech (Belfast Lough estuarine clay),timoney2015,timoney2015,UK,PC+slag,slag cement,62.2,10.02,50.0,23.6973,91.0,75.0,27.5,47.5,561.8,UCS,table,1,
Ariake clay,Ariake clay,hara2022_ariake_bb,hara2022_ariake_bb,Japan,slag cement,slag cement,207.0,12.24,0.0,21.0528,28.0,138.0,42.2,95.8,90.3,UCS,vector,1,
Ariake clay,Ariake clay,hara2022_ariake_bb,hara2022_ariake_bb,Japan,slag cement,slag cement,207.0,17.14,0.0,29.4808,28.0,138.0,42.2,95.8,492.4,UCS,vector,1,
Ariake clay,Ariake clay,hara2022_ariake_bb,hara2022_ariake_bb,Japan,slag cement,slag cement,207.0,24.49,0.0,42.1228,3.0,138.0,42.2,95.8,316.2,UCS,vector,1,
Ariake clay,Ariake clay,hara2022_ariake_bb,hara2022_ariake_bb,Japan,slag cement,slag cement,207.0,24.49,0.0,42.1228,7.0,138.0,42.2,95.8,573.6,UCS,vector,1,
Ariake clay,Ariake clay,hara2022_ariake_bb,hara2022_ariake_bb,Japan,slag cement,slag cement,207.0,24.49,0.0,42.1228,14.0,138.0,42.2,95.8,866.3,UCS,vector,1,
Ariake clay,Ariake clay,hara2022_ariake_bb,hara2022_ariake_bb,Japan,slag cement,slag cement,207.0,24.49,0.0,42.1228,28.0,138.0,42.2,95.8,1143.5,UCS,vector,1,
Ariake clay,Ariake clay,hara2022_ariake_bb,hara2022_ariake_bb,Japan,slag cement,slag cement,207.0,24.49,0.0,42.1228,42.0,138.0,42.2,95.8,1159.0,UCS,vector,1,
Ariake clay,Ariake clay,hara2022_ariake_bb,hara2022_ariake_bb,Japan,slag cement,slag cement,207.0,24.49,0.0,42.1228,70.0,138.0,42.2,95.8,1442.6,UCS,vector,1,
Ariake clay,Ariake clay,hara2022_ariake_bb,hara2022_ariake_bb,Japan,slag cement,slag cement,207.0,24.49,0.0,42.1228,112.0,138.0,42.2,95.8,1503.1,UCS,vector,1,
Ariake clay,Ariake clay,hara2022_ariake_bb,hara2022_ariake_bb,Japan,slag cement,slag cement,207.0,24.49,0.0,42.1228,168.0,138.0,42.2,95.8,1879.6,UCS,vector,1,
Ariake clay,Ariake clay,hara2022_ariake_bb,hara2022_ariake_bb,Japan,slag cement,slag cement,207.0,29.39,0.0,50.5508,28.0,138.0,42.2,95.8,1681.3,UCS,vector,1,
Tokuyama clay,"Tokuyama clay (natural, 19 % coarse)",kalim2017_tokuyama_sand,"Tsuchida, Hiroshima",Japan,OPC,OPC,157.4,11.11,0.0,11.11,3.0,94.96,37.63,57.33,214.2,UCS,vector,1,
Tokuyama clay,"Tokuyama clay (natural, 19 % coarse)",kalim2017_tokuyama_sand,"Tsuchida, Hiroshima",Japan,OPC,OPC,157.4,11.11,0.0,11.11,7.0,94.96,37.63,57.33,294.8,UCS,vector,1,
Tokuyama clay,"Tokuyama clay (natural, 19 % coarse)",kalim2017_tokuyama_sand,"Tsuchida, Hiroshima",Japan,OPC,OPC,157.4,11.11,0.0,11.11,28.0,94.96,37.63,57.33,491.8,UCS,vector,1,
Tokuyama clay,"Tokuyama clay (natural, 19 % coarse)",kalim2017_tokuyama_sand,"Tsuchida, Hiroshima",Japan,OPC,OPC,157.4,11.11,0.0,11.11,90.0,94.96,37.63,57.33,717.0,UCS,vector,1,
Tokuyama clay,"Tokuyama clay (natural, 19 % coarse)",kalim2017_tokuyama_sand,"Tsuchida, Hiroshima",Japan,OPC,OPC,166.7,17.65,0.0,17.65,3.0,94.96,37.63,57.33,354.8,UCS,vector,1,
Tokuyama clay,"Tokuyama clay (natural, 19 % coarse)",kalim2017_tokuyama_sand,"Tsuchida, Hiroshima",Japan,OPC,OPC,166.7,17.65,0.0,17.65,7.0,94.96,37.63,57.33,567.8,UCS,vector,1,
Tokuyama clay,"Tokuyama clay (natural, 19 % coarse)",kalim2017_tokuyama_sand,"Tsuchida, Hiroshima",Japan,OPC,OPC,166.7,17.65,0.0,17.65,28.0,94.96,37.63,57.33,837.1,UCS,vector,1,
Tokuyama clay,"Tokuyama clay (natural, 19 % coarse)",kalim2017_tokuyama_sand,"Tsuchida, Hiroshima",Japan,OPC,OPC,166.7,17.65,0.0,17.65,90.0,94.96,37.63,57.33,1189.1,UCS,vector,1,
Tokuyama clay,"Tokuyama clay (natural, 19 % coarse)",kalim2017_tokuyama_sand,"Tsuchida, Hiroshima",Japan,OPC,OPC,177.1,25.0,0.0,25.0,3.0,94.96,37.63,57.33,223.6,UCS,vector,1,
Tokuyama clay,"Tokuyama clay (natural, 19 % coarse)",kalim2017_tokuyama_sand,"Tsuchida, Hiroshima",Japan,OPC,OPC,177.1,25.0,0.0,25.0,7.0,94.96,37.63,57.33,410.9,UCS,vector,1,
Tokuyama clay,"Tokuyama clay (natural, 19 % coarse)",kalim2017_tokuyama_sand,"Tsuchida, Hiroshima",Japan,OPC,OPC,177.1,25.0,0.0,25.0,28.0,94.96,37.63,57.33,1182.3,UCS,vector,1,
Tokuyama clay,"Tokuyama clay (natural, 19 % coarse)",kalim2017_tokuyama_sand,"Tsuchida, Hiroshima",Japan,OPC,OPC,177.1,25.0,0.0,25.0,90.0,94.96,37.63,57.33,1528.2,UCS,vector,1,
Tokuyama clay,Tokuyama port clay (dredged; batch wL 107.6 %),kang2016_tokuyama,"Tsuchida, Hiroshima",Japan,OPC,OPC,161.4,2.04,0.0,2.04,1.0,107.6,35.4,72.2,1.8,vane,vector,1,points below 50 kPa may be vane; Cw basis assumed
Tokuyama clay,Tokuyama port clay (dredged; batch wL 107.6 %),kang2016_tokuyama,"Tsuchida, Hiroshima",Japan,OPC,OPC,161.4,2.04,0.0,2.04,2.0,107.6,35.4,72.2,1.5,vane,vector,1,points below 50 kPa may be vane; Cw basis assumed
Tokuyama clay,Tokuyama port clay (dredged; batch wL 107.6 %),kang2016_tokuyama,"Tsuchida, Hiroshima",Japan,OPC,OPC,161.4,2.04,0.0,2.04,3.0,107.6,35.4,72.2,1.9,vane,vector,1,points below 50 kPa may be vane; Cw basis assumed
Tokuyama clay,Tokuyama port clay (dredged; batch wL 107.6 %),kang2016_tokuyama,"Tsuchida, Hiroshima",Japan,OPC,OPC,161.4,2.04,0.0,2.04,7.0,107.6,35.4,72.2,1.9,vane,vector,1,points below 50 kPa may be vane; Cw basis assumed
Tokuyama clay,Tokuyama port clay (dredged; batch wL 107.6 %),kang2016_tokuyama,"Tsuchida, Hiroshima",Japan,OPC,OPC,161.4,2.04,0.0,2.04,28.0,107.6,35.4,72.2,2.3,vane,vector,1,points below 50 kPa may be vane; Cw basis assumed
Tokuyama clay,Tokuyama port clay (dredged; batch wL 107.6 %),kang2016_tokuyama,"Tsuchida, Hiroshima",Japan,OPC,OPC,161.4,2.04,0.0,2.04,90.0,107.6,35.4,72.2,1.8,vane,vector,1,points below 50 kPa may be vane; Cw basis assumed
Tokuyama clay,Tokuyama port clay (dredged; batch wL 107.6 %),kang2016_tokuyama,"Tsuchida, Hiroshima",Japan,OPC,OPC,161.4,4.17,0.0,4.17,1.0,107.6,35.4,72.2,3.7,vane,vector,1,points below 50 kPa may be vane; Cw basis assumed
Tokuyama clay,Tokuyama port clay (dredged; batch wL 107.6 %),kang2016_tokuyama,"Tsuchida, Hiroshima",Japan,OPC,OPC,161.4,4.17,0.0,4.17,2.0,107.6,35.4,72.2,5.1,vane,vector,1,points below 50 kPa may be vane; Cw basis assumed
Tokuyama clay,Tokuyama port clay (dredged; batch wL 107.6 %),kang2016_tokuyama,"Tsuchida, Hiroshima",Japan,OPC,OPC,161.4,4.17,0.0,4.17,3.0,107.6,35.4,72.2,6.7,vane,vector,1,points below 50 kPa may be vane; Cw basis assumed
Tokuyama clay,Tokuyama port clay (dredged; batch wL 107.6 %),kang2016_tokuyama,"Tsuchida, Hiroshima",Japan,OPC,OPC,161.4,4.17,0.0,4.17,7.0,107.6,35.4,72.2,9.6,vane,vector,1,points below 50 kPa may be vane; Cw basis assumed
Tokuyama clay,Tokuyama port clay (dredged; batch wL 107.6 %),kang2016_tokuyama,"Tsuchida, Hiroshima",Japan,OPC,OPC,161.4,4.17,0.0,4.17,28.0,107.6,35.4,72.2,13.1,vane,vector,1,points below 50 kPa may be vane; Cw basis assumed
Tokuyama clay,Tokuyama port clay (dredged; batch wL 107.6 %),kang2016_tokuyama,"Tsuchida, Hiroshima",Japan,OPC,OPC,161.4,4.17,0.0,4.17,90.0,107.6,35.4,72.2,19.8,vane,vector,1,points below 50 kPa may be vane; Cw basis assumed
Tokuyama clay,Tokuyama port clay (dredged; batch wL 107.6 %),kang2016_tokuyama,"Tsuchida, Hiroshima",Japan,OPC,OPC,161.4,6.38,0.0,6.38,1.0,107.6,35.4,72.2,44.9,vane,vector,1,points below 50 kPa may be vane; Cw basis assumed
Tokuyama clay,Tokuyama port clay (dredged; batch wL 107.6 %),kang2016_tokuyama,"Tsuchida, Hiroshima",Japan,OPC,OPC,161.4,6.38,0.0,6.38,2.0,107.6,35.4,72.2,48.0,vane,vector,1,points below 50 kPa may be vane; Cw basis assumed
Tokuyama clay,Tokuyama port clay (dredged; batch wL 107.6 %),kang2016_tokuyama,"Tsuchida, Hiroshima",Japan,OPC,OPC,161.4,6.38,0.0,6.38,3.0,107.6,35.4,72.2,58.0,UCS,vector,1,points below 50 kPa may be vane; Cw basis assumed
Tokuyama clay,Tokuyama port clay (dredged; batch wL 107.6 %),kang2016_tokuyama,"Tsuchida, Hiroshima",Japan,OPC,OPC,161.4,6.38,0.0,6.38,7.0,107.6,35.4,72.2,69.8,UCS,vector,1,points below 50 kPa may be vane; Cw basis assumed
Tokuyama clay,Tokuyama port clay (dredged; batch wL 107.6 %),kang2016_tokuyama,"Tsuchida, Hiroshima",Japan,OPC,OPC,161.4,6.38,0.0,6.38,28.0,107.6,35.4,72.2,114.1,UCS,vector,1,points below 50 kPa may be vane; Cw basis assumed
Tokuyama clay,Tokuyama port clay (dredged; batch wL 107.6 %),kang2016_tokuyama,"Tsuchida, Hiroshima",Japan,OPC,OPC,161.4,6.38,0.0,6.38,90.0,107.6,35.4,72.2,123.8,UCS,vector,1,points below 50 kPa may be vane; Cw basis assumed
Tokuyama clay,Tokuyama port clay (dredged; batch wL 107.6 %),kang2016_tokuyama,"Tsuchida, Hiroshima",Japan,OPC,OPC,161.4,11.11,0.0,11.11,1.0,107.6,35.4,72.2,128.6,UCS,vector,1,points below 50 kPa may be vane; Cw basis assumed
Tokuyama clay,Tokuyama port clay (dredged; batch wL 107.6 %),kang2016_tokuyama,"Tsuchida, Hiroshima",Japan,OPC,OPC,161.4,11.11,0.0,11.11,2.0,107.6,35.4,72.2,118.9,UCS,vector,1,points below 50 kPa may be vane; Cw basis assumed
Tokuyama clay,Tokuyama port clay (dredged; batch wL 107.6 %),kang2016_tokuyama,"Tsuchida, Hiroshima",Japan,OPC,OPC,161.4,11.11,0.0,11.11,3.0,107.6,35.4,72.2,229.6,UCS,vector,1,points below 50 kPa may be vane; Cw basis assumed
Tokuyama clay,Tokuyama port clay (dredged; batch wL 107.6 %),kang2016_tokuyama,"Tsuchida, Hiroshima",Japan,OPC,OPC,161.4,11.11,0.0,11.11,7.0,107.6,35.4,72.2,357.8,UCS,vector,1,points below 50 kPa may be vane; Cw basis assumed
Tokuyama clay,Tokuyama port clay (dredged; batch wL 107.6 %),kang2016_tokuyama,"Tsuchida, Hiroshima",Japan,OPC,OPC,161.4,11.11,0.0,11.11,28.0,107.6,35.4,72.2,534.5,UCS,vector,1,points below 50 kPa may be vane; Cw basis assumed
Tokuyama clay,Tokuyama port clay (dredged; batch wL 107.6 %),kang2016_tokuyama,"Tsuchida, Hiroshima",Japan,OPC,OPC,161.4,11.11,0.0,11.11,90.0,107.6,35.4,72.2,595.6,UCS,vector,1,points below 50 kPa may be vane; Cw basis assumed
Tokuyama clay,Tokuyama port clay (dredged; batch wL 107.6 %),kang2016_tokuyama,"Tsuchida, Hiroshima",Japan,OPC,OPC,161.4,17.65,0.0,17.65,1.0,107.6,35.4,72.2,103.4,UCS,vector,1,points below 50 kPa may be vane; Cw basis assumed
Tokuyama clay,Tokuyama port clay (dredged; batch wL 107.6 %),kang2016_tokuyama,"Tsuchida, Hiroshima",Japan,OPC,OPC,161.4,17.65,0.0,17.65,2.0,107.6,35.4,72.2,259.7,UCS,vector,1,points below 50 kPa may be vane; Cw basis assumed
Tokuyama clay,Tokuyama port clay (dredged; batch wL 107.6 %),kang2016_tokuyama,"Tsuchida, Hiroshima",Japan,OPC,OPC,161.4,17.65,0.0,17.65,3.0,107.6,35.4,72.2,352.9,UCS,vector,1,points below 50 kPa may be vane; Cw basis assumed
Tokuyama clay,Tokuyama port clay (dredged; batch wL 107.6 %),kang2016_tokuyama,"Tsuchida, Hiroshima",Japan,OPC,OPC,161.4,17.65,0.0,17.65,7.0,107.6,35.4,72.2,686.9,UCS,vector,1,points below 50 kPa may be vane; Cw basis assumed
Tokuyama clay,Tokuyama port clay (dredged; batch wL 107.6 %),kang2016_tokuyama,"Tsuchida, Hiroshima",Japan,OPC,OPC,161.4,17.65,0.0,17.65,28.0,107.6,35.4,72.2,956.8,UCS,vector,1,points below 50 kPa may be vane; Cw basis assumed
Tokuyama clay,Tokuyama port clay (dredged; batch wL 107.6 %),kang2016_tokuyama,"Tsuchida, Hiroshima",Japan,OPC,OPC,161.4,17.65,0.0,17.65,90.0,107.6,35.4,72.2,1161.6,UCS,vector,1,points below 50 kPa may be vane; Cw basis assumed
Tokuyama clay,Tokuyama port clay (dredged; batch wL 107.6 %),kang2016_tokuyama,"Tsuchida, Hiroshima",Japan,OPC,OPC,161.4,25.0,0.0,25.0,1.0,107.6,35.4,72.2,116.0,UCS,vector,1,points below 50 kPa may be vane; Cw basis assumed
Tokuyama clay,Tokuyama port clay (dredged; batch wL 107.6 %),kang2016_tokuyama,"Tsuchida, Hiroshima",Japan,OPC,OPC,161.4,25.0,0.0,25.0,2.0,107.6,35.4,72.2,262.6,UCS,vector,1,points below 50 kPa may be vane; Cw basis assumed
Tokuyama clay,Tokuyama port clay (dredged; batch wL 107.6 %),kang2016_tokuyama,"Tsuchida, Hiroshima",Japan,OPC,OPC,161.4,25.0,0.0,25.0,3.0,107.6,35.4,72.2,356.8,UCS,vector,1,points below 50 kPa may be vane; Cw basis assumed
Tokuyama clay,Tokuyama port clay (dredged; batch wL 107.6 %),kang2016_tokuyama,"Tsuchida, Hiroshima",Japan,OPC,OPC,161.4,25.0,0.0,25.0,7.0,107.6,35.4,72.2,880.1,UCS,vector,1,points below 50 kPa may be vane; Cw basis assumed
Tokuyama clay,Tokuyama port clay (dredged; batch wL 107.6 %),kang2016_tokuyama,"Tsuchida, Hiroshima",Japan,OPC,OPC,161.4,25.0,0.0,25.0,28.0,107.6,35.4,72.2,1459.7,UCS,vector,1,points below 50 kPa may be vane; Cw basis assumed
Tokuyama clay,Tokuyama port clay (dredged; batch wL 107.6 %),kang2016_tokuyama,"Tsuchida, Hiroshima",Japan,OPC,OPC,161.4,25.0,0.0,25.0,90.0,107.6,35.4,72.2,1665.5,UCS,vector,1,points below 50 kPa may be vane; Cw basis assumed
Tokuyama clay,Tokuyama port clay (dredged; batch wL 107.6 %),kang2016_tokuyama,"Tsuchida, Hiroshima",Japan,OPC,OPC,215.2,2.04,0.0,2.04,1.0,107.6,35.4,72.2,0.7,vane,vector,1,points below 50 kPa may be vane; Cw basis assumed
Tokuyama clay,Tokuyama port clay (dredged; batch wL 107.6 %),kang2016_tokuyama,"Tsuchida, Hiroshima",Japan,OPC,OPC,215.2,2.04,0.0,2.04,2.0,107.6,35.4,72.2,0.7,vane,vector,1,points below 50 kPa may be vane; Cw basis assumed
Tokuyama clay,Tokuyama port clay (dredged; batch wL 107.6 %),kang2016_tokuyama,"Tsuchida, Hiroshima",Japan,OPC,OPC,215.2,2.04,0.0,2.04,3.0,107.6,35.4,72.2,0.8,vane,vector,1,points below 50 kPa may be vane; Cw basis assumed
Tokuyama clay,Tokuyama port clay (dredged; batch wL 107.6 %),kang2016_tokuyama,"Tsuchida, Hiroshima",Japan,OPC,OPC,215.2,2.04,0.0,2.04,7.0,107.6,35.4,72.2,0.5,vane,vector,1,points below 50 kPa may be vane; Cw basis assumed
Tokuyama clay,Tokuyama port clay (dredged; batch wL 107.6 %),kang2016_tokuyama,"Tsuchida, Hiroshima",Japan,OPC,OPC,215.2,2.04,0.0,2.04,28.0,107.6,35.4,72.2,0.8,vane,vector,1,points below 50 kPa may be vane; Cw basis assumed
Tokuyama clay,Tokuyama port clay (dredged; batch wL 107.6 %),kang2016_tokuyama,"Tsuchida, Hiroshima",Japan,OPC,OPC,215.2,2.04,0.0,2.04,90.0,107.6,35.4,72.2,1.2,vane,vector,1,points below 50 kPa may be vane; Cw basis assumed
Tokuyama clay,Tokuyama port clay (dredged; batch wL 107.6 %),kang2016_tokuyama,"Tsuchida, Hiroshima",Japan,OPC,OPC,215.2,4.17,0.0,4.17,1.0,107.6,35.4,72.2,2.2,vane,vector,1,points below 50 kPa may be vane; Cw basis assumed
Tokuyama clay,Tokuyama port clay (dredged; batch wL 107.6 %),kang2016_tokuyama,"Tsuchida, Hiroshima",Japan,OPC,OPC,215.2,4.17,0.0,4.17,2.0,107.6,35.4,72.2,3.1,vane,vector,1,points below 50 kPa may be vane; Cw basis assumed
Tokuyama clay,Tokuyama port clay (dredged; batch wL 107.6 %),kang2016_tokuyama,"Tsuchida, Hiroshima",Japan,OPC,OPC,215.2,4.17,0.0,4.17,3.0,107.6,35.4,72.2,4.7,vane,vector,1,points below 50 kPa may be vane; Cw basis assumed
Tokuyama clay,Tokuyama port clay (dredged; batch wL 107.6 %),kang2016_tokuyama,"Tsuchida, Hiroshima",Japan,OPC,OPC,215.2,4.17,0.0,4.17,7.0,107.6,35.4,72.2,4.9,vane,vector,1,points below 50 kPa may be vane; Cw basis assumed
Tokuyama clay,Tokuyama port clay (dredged; batch wL 107.6 %),kang2016_tokuyama,"Tsuchida, Hiroshima",Japan,OPC,OPC,215.2,4.17,0.0,4.17,28.0,107.6,35.4,72.2,8.1,vane,vector,1,points below 50 kPa may be vane; Cw basis assumed
Tokuyama clay,Tokuyama port clay (dredged; batch wL 107.6 %),kang2016_tokuyama,"Tsuchida, Hiroshima",Japan,OPC,OPC,215.2,4.17,0.0,4.17,90.0,107.6,35.4,72.2,9.4,vane,vector,1,points below 50 kPa may be vane; Cw basis assumed
Tokuyama clay,Tokuyama port clay (dredged; batch wL 107.6 %),kang2016_tokuyama,"Tsuchida, Hiroshima",Japan,OPC,OPC,215.2,6.38,0.0,6.38,1.0,107.6,35.4,72.2,10.4,vane,vector,1,points below 50 kPa may be vane; Cw basis assumed
Tokuyama clay,Tokuyama port clay (dredged; batch wL 107.6 %),kang2016_tokuyama,"Tsuchida, Hiroshima",Japan,OPC,OPC,215.2,6.38,0.0,6.38,2.0,107.6,35.4,72.2,12.7,vane,vector,1,points below 50 kPa may be vane; Cw basis assumed
Tokuyama clay,Tokuyama port clay (dredged; batch wL 107.6 %),kang2016_tokuyama,"Tsuchida, Hiroshima",Japan,OPC,OPC,215.2,6.38,0.0,6.38,3.0,107.6,35.4,72.2,13.8,vane,vector,1,points below 50 kPa may be vane; Cw basis assumed
Tokuyama clay,Tokuyama port clay (dredged; batch wL 107.6 %),kang2016_tokuyama,"Tsuchida, Hiroshima",Japan,OPC,OPC,215.2,6.38,0.0,6.38,7.0,107.6,35.4,72.2,23.7,vane,vector,1,points below 50 kPa may be vane; Cw basis assumed
Tokuyama clay,Tokuyama port clay (dredged; batch wL 107.6 %),kang2016_tokuyama,"Tsuchida, Hiroshima",Japan,OPC,OPC,215.2,6.38,0.0,6.38,28.0,107.6,35.4,72.2,34.7,vane,vector,1,points below 50 kPa may be vane; Cw basis assumed
Tokuyama clay,Tokuyama port clay (dredged; batch wL 107.6 %),kang2016_tokuyama,"Tsuchida, Hiroshima",Japan,OPC,OPC,215.2,6.38,0.0,6.38,90.0,107.6,35.4,72.2,28.1,vane,vector,1,points below 50 kPa may be vane; Cw basis assumed
Tokuyama clay,Tokuyama port clay (dredged; batch wL 107.6 %),kang2016_tokuyama,"Tsuchida, Hiroshima",Japan,OPC,OPC,215.2,11.11,0.0,11.11,1.0,107.6,35.4,72.2,36.3,vane,vector,1,points below 50 kPa may be vane; Cw basis assumed
Tokuyama clay,Tokuyama port clay (dredged; batch wL 107.6 %),kang2016_tokuyama,"Tsuchida, Hiroshima",Japan,OPC,OPC,215.2,11.11,0.0,11.11,2.0,107.6,35.4,72.2,73.4,UCS,vector,1,points below 50 kPa may be vane; Cw basis assumed
Tokuyama clay,Tokuyama port clay (dredged; batch wL 107.6 %),kang2016_tokuyama,"Tsuchida, Hiroshima",Japan,OPC,OPC,215.2,11.11,0.0,11.11,3.0,107.6,35.4,72.2,83.9,UCS,vector,1,points below 50 kPa may be vane; Cw basis assumed
Tokuyama clay,Tokuyama port clay (dredged; batch wL 107.6 %),kang2016_tokuyama,"Tsuchida, Hiroshima",Japan,OPC,OPC,215.2,11.11,0.0,11.11,7.0,107.6,35.4,72.2,118.9,UCS,vector,1,points below 50 kPa may be vane; Cw basis assumed
Tokuyama clay,Tokuyama port clay (dredged; batch wL 107.6 %),kang2016_tokuyama,"Tsuchida, Hiroshima",Japan,OPC,OPC,215.2,11.11,0.0,11.11,28.0,107.6,35.4,72.2,174.3,UCS,vector,1,points below 50 kPa may be vane; Cw basis assumed
Tokuyama clay,Tokuyama port clay (dredged; batch wL 107.6 %),kang2016_tokuyama,"Tsuchida, Hiroshima",Japan,OPC,OPC,215.2,11.11,0.0,11.11,90.0,107.6,35.4,72.2,233.5,UCS,vector,1,points below 50 kPa may be vane; Cw basis assumed
Tokuyama clay,Tokuyama port clay (dredged; batch wL 107.6 %),kang2016_tokuyama,"Tsuchida, Hiroshima",Japan,OPC,OPC,215.2,17.65,0.0,17.65,1.0,107.6,35.4,72.2,35.3,vane,vector,1,points below 50 kPa may be vane; Cw basis assumed
Tokuyama clay,Tokuyama port clay (dredged; batch wL 107.6 %),kang2016_tokuyama,"Tsuchida, Hiroshima",Japan,OPC,OPC,215.2,17.65,0.0,17.65,2.0,107.6,35.4,72.2,85.8,UCS,vector,1,points below 50 kPa may be vane; Cw basis assumed
Tokuyama clay,Tokuyama port clay (dredged; batch wL 107.6 %),kang2016_tokuyama,"Tsuchida, Hiroshima",Japan,OPC,OPC,215.2,17.65,0.0,17.65,3.0,107.6,35.4,72.2,154.9,UCS,vector,1,points below 50 kPa may be vane; Cw basis assumed
Tokuyama clay,Tokuyama port clay (dredged; batch wL 107.6 %),kang2016_tokuyama,"Tsuchida, Hiroshima",Japan,OPC,OPC,215.2,17.65,0.0,17.65,7.0,107.6,35.4,72.2,180.1,UCS,vector,1,points below 50 kPa may be vane; Cw basis assumed
Tokuyama clay,Tokuyama port clay (dredged; batch wL 107.6 %),kang2016_tokuyama,"Tsuchida, Hiroshima",Japan,OPC,OPC,215.2,17.65,0.0,17.65,28.0,107.6,35.4,72.2,372.3,UCS,vector,1,points below 50 kPa may be vane; Cw basis assumed
Tokuyama clay,Tokuyama port clay (dredged; batch wL 107.6 %),kang2016_tokuyama,"Tsuchida, Hiroshima",Japan,OPC,OPC,215.2,17.65,0.0,17.65,90.0,107.6,35.4,72.2,416.0,UCS,vector,1,points below 50 kPa may be vane; Cw basis assumed
Tokuyama clay,Tokuyama port clay (dredged; batch wL 107.6 %),kang2016_tokuyama,"Tsuchida, Hiroshima",Japan,OPC,OPC,215.2,25.0,0.0,25.0,1.0,107.6,35.4,72.2,49.9,vane,vector,1,points below 50 kPa may be vane; Cw basis assumed
Tokuyama clay,Tokuyama port clay (dredged; batch wL 107.6 %),kang2016_tokuyama,"Tsuchida, Hiroshima",Japan,OPC,OPC,215.2,25.0,0.0,25.0,2.0,107.6,35.4,72.2,99.5,UCS,vector,1,points below 50 kPa may be vane; Cw basis assumed
Tokuyama clay,Tokuyama port clay (dredged; batch wL 107.6 %),kang2016_tokuyama,"Tsuchida, Hiroshima",Japan,OPC,OPC,215.2,25.0,0.0,25.0,3.0,107.6,35.4,72.2,189.8,UCS,vector,1,points below 50 kPa may be vane; Cw basis assumed
Tokuyama clay,Tokuyama port clay (dredged; batch wL 107.6 %),kang2016_tokuyama,"Tsuchida, Hiroshima",Japan,OPC,OPC,215.2,25.0,0.0,25.0,7.0,107.6,35.4,72.2,279.1,UCS,vector,1,points below 50 kPa may be vane; Cw basis assumed
Tokuyama clay,Tokuyama port clay (dredged; batch wL 107.6 %),kang2016_tokuyama,"Tsuchida, Hiroshima",Japan,OPC,OPC,215.2,25.0,0.0,25.0,28.0,107.6,35.4,72.2,482.0,UCS,vector,1,points below 50 kPa may be vane; Cw basis assumed
Ariake clay,"Ariake clay (Saga, Koslanant 2006)",koslanant2006_saga_thesis,Saga University,Japan,OPC,OPC,90.0,10.0,0.0,10.0,7.0,80.0,42.0,38.0,946.9,UCS,vector,1,15-20 % rows derived from a relative-change figure; Rokkaku Cw assumed
Ariake clay,"Ariake clay (Saga, Koslanant 2006)",koslanant2006_saga_thesis,Saga University,Japan,OPC,OPC,90.0,10.0,0.0,10.0,28.0,80.0,42.0,38.0,1161.3,UCS,vector,1,15-20 % rows derived from a relative-change figure; Rokkaku Cw assumed
Ariake clay,"Ariake clay (Saga, Koslanant 2006)",koslanant2006_saga_thesis,Saga University,Japan,OPC,OPC,90.0,15.0,0.0,15.0,28.0,80.0,42.0,38.0,2418.0,UCS,vector,1,15-20 % rows derived from a relative-change figure; Rokkaku Cw assumed
Ariake clay,"Ariake clay (Saga, Koslanant 2006)",koslanant2006_saga_thesis,Saga University,Japan,OPC,OPC,90.0,20.0,0.0,20.0,28.0,80.0,42.0,38.0,4043.7,UCS,vector,1,15-20 % rows derived from a relative-change figure; Rokkaku Cw assumed
Bangkok clay,Bangkok clay (Koslanant 2006 sample),koslanant2006_saga_thesis,Saga University,Thailand,OPC,OPC,60.0,10.0,0.0,10.0,7.0,61.0,36.0,25.0,890.1,UCS,vector,1,15-20 % rows derived from a relative-change figure; Rokkaku Cw assumed
Bangkok clay,Bangkok clay (Koslanant 2006 sample),koslanant2006_saga_thesis,Saga University,Thailand,OPC,OPC,60.0,10.0,0.0,10.0,28.0,61.0,36.0,25.0,1600.1,UCS,vector,1,15-20 % rows derived from a relative-change figure; Rokkaku Cw assumed
Bangkok clay,Bangkok clay (Koslanant 2006 sample),koslanant2006_saga_thesis,Saga University,Thailand,OPC,OPC,60.0,15.0,0.0,15.0,28.0,61.0,36.0,25.0,1922.1,UCS,vector,1,15-20 % rows derived from a relative-change figure; Rokkaku Cw assumed
Bangkok clay,Bangkok clay (Koslanant 2006 sample),koslanant2006_saga_thesis,Saga University,Thailand,OPC,OPC,60.0,20.0,0.0,20.0,28.0,61.0,36.0,25.0,2145.8,UCS,vector,1,15-20 % rows derived from a relative-change figure; Rokkaku Cw assumed
Ariake clay,"Ariake clay, Okawa (Clay 1, sulfide-rich)",onitsuka2001_2003_ariake,Saga University,Japan,OPC,OPC,185.0,20.0,0.0,20.0,7.0,142.7,53.6,89.1,600.0,UCS,text,1,values rounded in text
Ariake clay,"Ariake clay, Okawa (Clay 1, sulfide-rich)",onitsuka2001_2003_ariake,Saga University,Japan,OPC,OPC,185.0,20.0,0.0,20.0,28.0,142.7,53.6,89.1,800.0,UCS,text,1,values rounded in text
Ariake clay,"Ariake clay, Okawa (Clay 1, sulfide-rich)",onitsuka2001_2003_ariake,Saga University,Japan,OPC,OPC,185.0,30.0,0.0,30.0,28.0,142.7,53.6,89.1,2300.0,UCS,text,1,values rounded in text
Ariake clay,"Ariake clay, Ashikari (Clay 2)",onitsuka2001_2003_ariake,Saga University,Japan,OPC,OPC,185.0,20.0,0.0,20.0,28.0,133.0,61.6,71.4,1400.0,UCS,text,1,values rounded in text
Ariake clay,"Ariake clay, Ashikari (Clay 2)",onitsuka2001_2003_ariake,Saga University,Japan,OPC,OPC,185.0,30.0,0.0,30.0,28.0,133.0,61.6,71.4,3800.0,UCS,text,1,values rounded in text
Ariake clay,"Ariake clay, Isahaya Bay (Clay 3)",onitsuka2001_2003_ariake,Saga University,Japan,OPC,OPC,185.0,30.0,0.0,30.0,28.0,150.0,62.0,88.0,3200.0,UCS,text,1,values rounded in text
Mizushima port clay,Mizushima port clay (dredged),tsuchida2012_mizushima,"Tsuchida, Hiroshima",Japan,OPC,OPC,97.9,11.11,0.0,11.11,1.0,65.3,15.5,49.8,87.9,UCS,vector,1,
Mizushima port clay,Mizushima port clay (dredged),tsuchida2012_mizushima,"Tsuchida, Hiroshima",Japan,OPC,OPC,97.9,11.11,0.0,11.11,2.0,65.3,15.5,49.8,154.8,UCS,vector,1,
Mizushima port clay,Mizushima port clay (dredged),tsuchida2012_mizushima,"Tsuchida, Hiroshima",Japan,OPC,OPC,97.9,11.11,0.0,11.11,3.0,65.3,15.5,49.8,212.9,UCS,vector,1,
Mizushima port clay,Mizushima port clay (dredged),tsuchida2012_mizushima,"Tsuchida, Hiroshima",Japan,OPC,OPC,97.9,11.11,0.0,11.11,7.0,65.3,15.5,49.8,375.8,UCS,vector,1,
Mizushima port clay,Mizushima port clay (dredged),tsuchida2012_mizushima,"Tsuchida, Hiroshima",Japan,OPC,OPC,97.9,11.11,0.0,11.11,28.0,65.3,15.5,49.8,556.2,UCS,vector,1,
Mizushima port clay,Mizushima port clay (dredged),tsuchida2012_mizushima,"Tsuchida, Hiroshima",Japan,OPC,OPC,97.9,11.11,0.0,11.11,84.0,65.3,15.5,49.8,669.0,UCS,vector,1,
Mizushima port clay,Mizushima port clay (dredged),tsuchida2012_mizushima,"Tsuchida, Hiroshima",Japan,OPC,OPC,97.9,17.65,0.0,17.65,1.0,65.3,15.5,49.8,104.0,UCS,vector,1,
Mizushima port clay,Mizushima port clay (dredged),tsuchida2012_mizushima,"Tsuchida, Hiroshima",Japan,OPC,OPC,97.9,17.65,0.0,17.65,2.0,65.3,15.5,49.8,235.6,UCS,vector,1,
Mizushima port clay,Mizushima port clay (dredged),tsuchida2012_mizushima,"Tsuchida, Hiroshima",Japan,OPC,OPC,97.9,17.65,0.0,17.65,3.0,65.3,15.5,49.8,407.9,UCS,vector,1,
Mizushima port clay,Mizushima port clay (dredged),tsuchida2012_mizushima,"Tsuchida, Hiroshima",Japan,OPC,OPC,97.9,17.65,0.0,17.65,7.0,65.3,15.5,49.8,577.9,UCS,vector,1,
Mizushima port clay,Mizushima port clay (dredged),tsuchida2012_mizushima,"Tsuchida, Hiroshima",Japan,OPC,OPC,97.9,17.65,0.0,17.65,28.0,65.3,15.5,49.8,971.6,UCS,vector,1,
Mizushima port clay,Mizushima port clay (dredged),tsuchida2012_mizushima,"Tsuchida, Hiroshima",Japan,OPC,OPC,97.9,25.0,0.0,25.0,1.0,65.3,15.5,49.8,215.2,UCS,vector,1,
Mizushima port clay,Mizushima port clay (dredged),tsuchida2012_mizushima,"Tsuchida, Hiroshima",Japan,OPC,OPC,97.9,25.0,0.0,25.0,2.0,65.3,15.5,49.8,353.3,UCS,vector,1,
Mizushima port clay,Mizushima port clay (dredged),tsuchida2012_mizushima,"Tsuchida, Hiroshima",Japan,OPC,OPC,97.9,25.0,0.0,25.0,3.0,65.3,15.5,49.8,540.6,UCS,vector,1,
Mizushima port clay,Mizushima port clay (dredged),tsuchida2012_mizushima,"Tsuchida, Hiroshima",Japan,OPC,OPC,97.9,25.0,0.0,25.0,7.0,65.3,15.5,49.8,1028.0,UCS,vector,1,
Mizushima port clay,Mizushima port clay (dredged),tsuchida2012_mizushima,"Tsuchida, Hiroshima",Japan,OPC,OPC,97.9,25.0,0.0,25.0,28.0,65.3,15.5,49.8,1961.2,UCS,vector,1,
Mizushima port clay,Mizushima port clay (dredged),tsuchida2012_mizushima,"Tsuchida, Hiroshima",Japan,OPC,OPC,97.9,25.0,0.0,25.0,84.0,65.3,15.5,49.8,2516.2,UCS,vector,1,
Mizushima port clay,Mizushima port clay (dredged),tsuchida2012_mizushima,"Tsuchida, Hiroshima",Japan,OPC,OPC,97.9,42.86,0.0,42.86,1.0,65.3,15.5,49.8,508.5,UCS,vector,1,
Mizushima port clay,Mizushima port clay (dredged),tsuchida2012_mizushima,"Tsuchida, Hiroshima",Japan,OPC,OPC,97.9,42.86,0.0,42.86,2.0,65.3,15.5,49.8,1211.0,UCS,vector,1,
Mizushima port clay,Mizushima port clay (dredged),tsuchida2012_mizushima,"Tsuchida, Hiroshima",Japan,OPC,OPC,97.9,42.86,0.0,42.86,3.0,65.3,15.5,49.8,1852.7,UCS,vector,1,
Mizushima port clay,Mizushima port clay (dredged),tsuchida2012_mizushima,"Tsuchida, Hiroshima",Japan,OPC,OPC,97.9,42.86,0.0,42.86,7.0,65.3,15.5,49.8,2813.6,UCS,vector,1,
Mizushima port clay,Mizushima port clay (dredged),tsuchida2012_mizushima,"Tsuchida, Hiroshima",Japan,OPC,OPC,97.9,42.86,0.0,42.86,28.0,65.3,15.5,49.8,4877.7,UCS,vector,1,
Mizushima port clay,Mizushima port clay (dredged),tsuchida2012_mizushima,"Tsuchida, Hiroshima",Japan,OPC,OPC,97.9,42.86,0.0,42.86,84.0,65.3,15.5,49.8,6509.9,UCS,vector,1,
Mizushima port clay,Mizushima port clay (dredged),tsuchida2012_mizushima,"Tsuchida, Hiroshima",Japan,OPC,OPC,130.6,11.11,0.0,11.11,1.0,65.3,15.5,49.8,31.3,vane,vector,1,
Mizushima port clay,Mizushima port clay (dredged),tsuchida2012_mizushima,"Tsuchida, Hiroshima",Japan,OPC,OPC,130.6,11.11,0.0,11.11,2.0,65.3,15.5,49.8,56.9,UCS,vector,1,
Mizushima port clay,Mizushima port clay (dredged),tsuchida2012_mizushima,"Tsuchida, Hiroshima",Japan,OPC,OPC,130.6,11.11,0.0,11.11,7.0,65.3,15.5,49.8,158.7,UCS,vector,1,
Mizushima port clay,Mizushima port clay (dredged),tsuchida2012_mizushima,"Tsuchida, Hiroshima",Japan,OPC,OPC,130.6,11.11,0.0,11.11,28.0,65.3,15.5,49.8,271.0,UCS,vector,1,
Mizushima port clay,Mizushima port clay (dredged),tsuchida2012_mizushima,"Tsuchida, Hiroshima",Japan,OPC,OPC,130.6,17.65,0.0,17.65,1.0,65.3,15.5,49.8,45.6,vane,vector,1,
Mizushima port clay,Mizushima port clay (dredged),tsuchida2012_mizushima,"Tsuchida, Hiroshima",Japan,OPC,OPC,130.6,17.65,0.0,17.65,2.0,65.3,15.5,49.8,75.4,UCS,vector,1,
Mizushima port clay,Mizushima port clay (dredged),tsuchida2012_mizushima,"Tsuchida, Hiroshima",Japan,OPC,OPC,130.6,17.65,0.0,17.65,3.0,65.3,15.5,49.8,95.9,UCS,vector,1,
Mizushima port clay,Mizushima port clay (dredged),tsuchida2012_mizushima,"Tsuchida, Hiroshima",Japan,OPC,OPC,130.6,17.65,0.0,17.65,7.0,65.3,15.5,49.8,246.2,UCS,vector,1,
Mizushima port clay,Mizushima port clay (dredged),tsuchida2012_mizushima,"Tsuchida, Hiroshima",Japan,OPC,OPC,130.6,17.65,0.0,17.65,28.0,65.3,15.5,49.8,480.8,UCS,vector,1,
Mizushima port clay,Mizushima port clay (dredged),tsuchida2012_mizushima,"Tsuchida, Hiroshima",Japan,OPC,OPC,130.6,25.0,0.0,25.0,1.0,65.3,15.5,49.8,61.5,UCS,vector,1,
Mizushima port clay,Mizushima port clay (dredged),tsuchida2012_mizushima,"Tsuchida, Hiroshima",Japan,OPC,OPC,130.6,25.0,0.0,25.0,2.0,65.3,15.5,49.8,119.7,UCS,vector,1,
Mizushima port clay,Mizushima port clay (dredged),tsuchida2012_mizushima,"Tsuchida, Hiroshima",Japan,OPC,OPC,130.6,25.0,0.0,25.0,3.0,65.3,15.5,49.8,173.2,UCS,vector,1,
Mizushima port clay,Mizushima port clay (dredged),tsuchida2012_mizushima,"Tsuchida, Hiroshima",Japan,OPC,OPC,130.6,25.0,0.0,25.0,7.0,65.3,15.5,49.8,414.9,UCS,vector,1,
Mizushima port clay,Mizushima port clay (dredged),tsuchida2012_mizushima,"Tsuchida, Hiroshima",Japan,OPC,OPC,130.6,25.0,0.0,25.0,28.0,65.3,15.5,49.8,855.4,UCS,vector,1,
Mizushima port clay,Mizushima port clay (dredged),tsuchida2012_mizushima,"Tsuchida, Hiroshima",Japan,OPC,OPC,130.6,42.86,0.0,42.86,1.0,65.3,15.5,49.8,169.8,UCS,vector,1,
Mizushima port clay,Mizushima port clay (dredged),tsuchida2012_mizushima,"Tsuchida, Hiroshima",Japan,OPC,OPC,130.6,42.86,0.0,42.86,2.0,65.3,15.5,49.8,453.0,UCS,vector,1,
Mizushima port clay,Mizushima port clay (dredged),tsuchida2012_mizushima,"Tsuchida, Hiroshima",Japan,OPC,OPC,130.6,42.86,0.0,42.86,3.0,65.3,15.5,49.8,590.0,UCS,vector,1,
Mizushima port clay,Mizushima port clay (dredged),tsuchida2012_mizushima,"Tsuchida, Hiroshima",Japan,OPC,OPC,130.6,42.86,0.0,42.86,7.0,65.3,15.5,49.8,1051.4,UCS,vector,1,
Mizushima port clay,Mizushima port clay (dredged),tsuchida2012_mizushima,"Tsuchida, Hiroshima",Japan,OPC,OPC,130.6,42.86,0.0,42.86,28.0,65.3,15.5,49.8,2161.5,UCS,vector,1,
Mizushima port clay,Mizushima port clay (dredged),tsuchida2012_mizushima,"Tsuchida, Hiroshima",Japan,OPC,OPC,163.2,11.11,0.0,11.11,1.0,65.3,15.5,49.8,31.9,vane,vector,1,
Mizushima port clay,Mizushima port clay (dredged),tsuchida2012_mizushima,"Tsuchida, Hiroshima",Japan,OPC,OPC,163.2,11.11,0.0,11.11,2.0,65.3,15.5,49.8,30.2,vane,vector,1,
Mizushima port clay,Mizushima port clay (dredged),tsuchida2012_mizushima,"Tsuchida, Hiroshima",Japan,OPC,OPC,163.2,11.11,0.0,11.11,3.0,65.3,15.5,49.8,44.0,vane,vector,1,
Mizushima port clay,Mizushima port clay (dredged),tsuchida2012_mizushima,"Tsuchida, Hiroshima",Japan,OPC,OPC,163.2,11.11,0.0,11.11,7.0,65.3,15.5,49.8,83.4,UCS,vector,1,
Mizushima port clay,Mizushima port clay (dredged),tsuchida2012_mizushima,"Tsuchida, Hiroshima",Japan,OPC,OPC,163.2,11.11,0.0,11.11,28.0,65.3,15.5,49.8,116.6,UCS,vector,1,
Mizushima port clay,Mizushima port clay (dredged),tsuchida2012_mizushima,"Tsuchida, Hiroshima",Japan,OPC,OPC,163.2,17.65,0.0,17.65,1.0,65.3,15.5,49.8,21.8,vane,vector,1,
Mizushima port clay,Mizushima port clay (dredged),tsuchida2012_mizushima,"Tsuchida, Hiroshima",Japan,OPC,OPC,163.2,17.65,0.0,17.65,2.0,65.3,15.5,49.8,38.5,vane,vector,1,
Mizushima port clay,Mizushima port clay (dredged),tsuchida2012_mizushima,"Tsuchida, Hiroshima",Japan,OPC,OPC,163.2,17.65,0.0,17.65,3.0,65.3,15.5,49.8,55.0,UCS,vector,1,
Mizushima port clay,Mizushima port clay (dredged),tsuchida2012_mizushima,"Tsuchida, Hiroshima",Japan,OPC,OPC,163.2,17.65,0.0,17.65,7.0,65.3,15.5,49.8,104.1,UCS,vector,1,
Mizushima port clay,Mizushima port clay (dredged),tsuchida2012_mizushima,"Tsuchida, Hiroshima",Japan,OPC,OPC,163.2,17.65,0.0,17.65,28.0,65.3,15.5,49.8,202.0,UCS,vector,1,
Mizushima port clay,Mizushima port clay (dredged),tsuchida2012_mizushima,"Tsuchida, Hiroshima",Japan,OPC,OPC,163.2,25.0,0.0,25.0,1.0,65.3,15.5,49.8,27.7,vane,vector,1,
Mizushima port clay,Mizushima port clay (dredged),tsuchida2012_mizushima,"Tsuchida, Hiroshima",Japan,OPC,OPC,163.2,25.0,0.0,25.0,2.0,65.3,15.5,49.8,59.5,UCS,vector,1,
Mizushima port clay,Mizushima port clay (dredged),tsuchida2012_mizushima,"Tsuchida, Hiroshima",Japan,OPC,OPC,163.2,25.0,0.0,25.0,3.0,65.3,15.5,49.8,84.7,UCS,vector,1,
Mizushima port clay,Mizushima port clay (dredged),tsuchida2012_mizushima,"Tsuchida, Hiroshima",Japan,OPC,OPC,163.2,25.0,0.0,25.0,7.0,65.3,15.5,49.8,164.3,UCS,vector,1,
Mizushima port clay,Mizushima port clay (dredged),tsuchida2012_mizushima,"Tsuchida, Hiroshima",Japan,OPC,OPC,163.2,25.0,0.0,25.0,28.0,65.3,15.5,49.8,333.3,UCS,vector,1,
Mizushima port clay,Mizushima port clay (dredged),tsuchida2012_mizushima,"Tsuchida, Hiroshima",Japan,OPC,OPC,163.2,42.86,0.0,42.86,1.0,65.3,15.5,49.8,72.4,UCS,vector,1,
Mizushima port clay,Mizushima port clay (dredged),tsuchida2012_mizushima,"Tsuchida, Hiroshima",Japan,OPC,OPC,163.2,42.86,0.0,42.86,2.0,65.3,15.5,49.8,143.2,UCS,vector,1,
Mizushima port clay,Mizushima port clay (dredged),tsuchida2012_mizushima,"Tsuchida, Hiroshima",Japan,OPC,OPC,163.2,42.86,0.0,42.86,3.0,65.3,15.5,49.8,234.6,UCS,vector,1,
Mizushima port clay,Mizushima port clay (dredged),tsuchida2012_mizushima,"Tsuchida, Hiroshima",Japan,OPC,OPC,163.2,42.86,0.0,42.86,7.0,65.3,15.5,49.8,490.3,UCS,vector,1,
Mizushima port clay,Mizushima port clay (dredged),tsuchida2012_mizushima,"Tsuchida, Hiroshima",Japan,OPC,OPC,163.2,42.86,0.0,42.86,28.0,65.3,15.5,49.8,778.2,UCS,vector,1,
Hibiki clay,"Hibiki clay (dredged, Hibiki container terminal)",tsuchida2013_hibiki_moji,"Tsuchida, Hiroshima",Japan,OPC,OPC,91.8,11.11,0.0,11.11,1.0,61.2,20.7,40.5,54.9,UCS,vector,1,
Hibiki clay,"Hibiki clay (dredged, Hibiki container terminal)",tsuchida2013_hibiki_moji,"Tsuchida, Hiroshima",Japan,OPC,OPC,91.8,11.11,0.0,11.11,2.0,61.2,20.7,40.5,110.8,UCS,vector,1,
Hibiki clay,"Hibiki clay (dredged, Hibiki container terminal)",tsuchida2013_hibiki_moji,"Tsuchida, Hiroshima",Japan,OPC,OPC,91.8,11.11,0.0,11.11,3.0,61.2,20.7,40.5,150.7,UCS,vector,1,
Hibiki clay,"Hibiki clay (dredged, Hibiki container terminal)",tsuchida2013_hibiki_moji,"Tsuchida, Hiroshima",Japan,OPC,OPC,91.8,11.11,0.0,11.11,7.0,61.2,20.7,40.5,313.4,UCS,vector,1,
Hibiki clay,"Hibiki clay (dredged, Hibiki container terminal)",tsuchida2013_hibiki_moji,"Tsuchida, Hiroshima",Japan,OPC,OPC,91.8,11.11,0.0,11.11,28.0,61.2,20.7,40.5,447.6,UCS,vector,1,
Hibiki clay,"Hibiki clay (dredged, Hibiki container terminal)",tsuchida2013_hibiki_moji,"Tsuchida, Hiroshima",Japan,OPC,OPC,91.8,11.11,0.0,11.11,90.0,61.2,20.7,40.5,481.6,UCS,vector,1,
Hibiki clay,"Hibiki clay (dredged, Hibiki container terminal)",tsuchida2013_hibiki_moji,"Tsuchida, Hiroshima",Japan,OPC,OPC,91.8,17.65,0.0,17.65,1.0,61.2,20.7,40.5,98.6,UCS,vector,1,
Hibiki clay,"Hibiki clay (dredged, Hibiki container terminal)",tsuchida2013_hibiki_moji,"Tsuchida, Hiroshima",Japan,OPC,OPC,91.8,17.65,0.0,17.65,2.0,61.2,20.7,40.5,194.2,UCS,vector,1,
Hibiki clay,"Hibiki clay (dredged, Hibiki container terminal)",tsuchida2013_hibiki_moji,"Tsuchida, Hiroshima",Japan,OPC,OPC,91.8,17.65,0.0,17.65,3.0,61.2,20.7,40.5,311.9,UCS,vector,1,
Hibiki clay,"Hibiki clay (dredged, Hibiki container terminal)",tsuchida2013_hibiki_moji,"Tsuchida, Hiroshima",Japan,OPC,OPC,91.8,17.65,0.0,17.65,7.0,61.2,20.7,40.5,788.4,UCS,vector,1,
Hibiki clay,"Hibiki clay (dredged, Hibiki container terminal)",tsuchida2013_hibiki_moji,"Tsuchida, Hiroshima",Japan,OPC,OPC,91.8,17.65,0.0,17.65,28.0,61.2,20.7,40.5,1430.1,UCS,vector,1,
Hibiki clay,"Hibiki clay (dredged, Hibiki container terminal)",tsuchida2013_hibiki_moji,"Tsuchida, Hiroshima",Japan,OPC,OPC,91.8,17.65,0.0,17.65,90.0,61.2,20.7,40.5,1509.0,UCS,vector,1,
Hibiki clay,"Hibiki clay (dredged, Hibiki container terminal)",tsuchida2013_hibiki_moji,"Tsuchida, Hiroshima",Japan,OPC,OPC,91.8,25.0,0.0,25.0,1.0,61.2,20.7,40.5,177.9,UCS,vector,1,
Hibiki clay,"Hibiki clay (dredged, Hibiki container terminal)",tsuchida2013_hibiki_moji,"Tsuchida, Hiroshima",Japan,OPC,OPC,91.8,25.0,0.0,25.0,2.0,61.2,20.7,40.5,403.9,UCS,vector,1,
Hibiki clay,"Hibiki clay (dredged, Hibiki container terminal)",tsuchida2013_hibiki_moji,"Tsuchida, Hiroshima",Japan,OPC,OPC,91.8,25.0,0.0,25.0,3.0,61.2,20.7,40.5,585.4,UCS,vector,1,
Hibiki clay,"Hibiki clay (dredged, Hibiki container terminal)",tsuchida2013_hibiki_moji,"Tsuchida, Hiroshima",Japan,OPC,OPC,91.8,25.0,0.0,25.0,7.0,61.2,20.7,40.5,1479.9,UCS,vector,1,
Hibiki clay,"Hibiki clay (dredged, Hibiki container terminal)",tsuchida2013_hibiki_moji,"Tsuchida, Hiroshima",Japan,OPC,OPC,91.8,25.0,0.0,25.0,28.0,61.2,20.7,40.5,2632.5,UCS,vector,1,
Hibiki clay,"Hibiki clay (dredged, Hibiki container terminal)",tsuchida2013_hibiki_moji,"Tsuchida, Hiroshima",Japan,OPC,OPC,91.8,25.0,0.0,25.0,90.0,61.2,20.7,40.5,3169.0,UCS,vector,1,
Hibiki clay,"Hibiki clay (dredged, Hibiki container terminal)",tsuchida2013_hibiki_moji,"Tsuchida, Hiroshima",Japan,OPC,OPC,91.8,42.86,0.0,42.86,1.0,61.2,20.7,40.5,568.5,UCS,vector,1,
Hibiki clay,"Hibiki clay (dredged, Hibiki container terminal)",tsuchida2013_hibiki_moji,"Tsuchida, Hiroshima",Japan,OPC,OPC,91.8,42.86,0.0,42.86,2.0,61.2,20.7,40.5,1217.3,UCS,vector,1,
Hibiki clay,"Hibiki clay (dredged, Hibiki container terminal)",tsuchida2013_hibiki_moji,"Tsuchida, Hiroshima",Japan,OPC,OPC,91.8,42.86,0.0,42.86,3.0,61.2,20.7,40.5,1704.8,UCS,vector,1,
Hibiki clay,"Hibiki clay (dredged, Hibiki container terminal)",tsuchida2013_hibiki_moji,"Tsuchida, Hiroshima",Japan,OPC,OPC,91.8,42.86,0.0,42.86,7.0,61.2,20.7,40.5,3871.0,UCS,vector,1,
Hibiki clay,"Hibiki clay (dredged, Hibiki container terminal)",tsuchida2013_hibiki_moji,"Tsuchida, Hiroshima",Japan,OPC,OPC,91.8,42.86,0.0,42.86,28.0,61.2,20.7,40.5,5501.1,UCS,vector,1,
Hibiki clay,"Hibiki clay (dredged, Hibiki container terminal)",tsuchida2013_hibiki_moji,"Tsuchida, Hiroshima",Japan,OPC,OPC,91.8,42.86,0.0,42.86,90.0,61.2,20.7,40.5,5582.3,UCS,vector,1,
Moji port clay,Moji port clay (dredged),tsuchida2013_hibiki_moji,"Tsuchida, Hiroshima",Japan,OPC,OPC,134.2,11.11,0.0,11.11,1.0,89.5,29.3,60.2,48.3,vane,vector,1,
Moji port clay,Moji port clay (dredged),tsuchida2013_hibiki_moji,"Tsuchida, Hiroshima",Japan,OPC,OPC,134.2,11.11,0.0,11.11,2.0,89.5,29.3,60.2,110.9,UCS,vector,1,
Moji port clay,Moji port clay (dredged),tsuchida2013_hibiki_moji,"Tsuchida, Hiroshima",Japan,OPC,OPC,134.2,11.11,0.0,11.11,3.0,89.5,29.3,60.2,173.1,UCS,vector,1,
Moji port clay,Moji port clay (dredged),tsuchida2013_hibiki_moji,"Tsuchida, Hiroshima",Japan,OPC,OPC,134.2,11.11,0.0,11.11,7.0,89.5,29.3,60.2,274.4,UCS,vector,1,
Moji port clay,Moji port clay (dredged),tsuchida2013_hibiki_moji,"Tsuchida, Hiroshima",Japan,OPC,OPC,134.2,11.11,0.0,11.11,28.0,89.5,29.3,60.2,377.6,UCS,vector,1,
Moji port clay,Moji port clay (dredged),tsuchida2013_hibiki_moji,"Tsuchida, Hiroshima",Japan,OPC,OPC,134.2,11.11,0.0,11.11,90.0,89.5,29.3,60.2,422.1,UCS,vector,1,
Moji port clay,Moji port clay (dredged),tsuchida2013_hibiki_moji,"Tsuchida, Hiroshima",Japan,OPC,OPC,134.2,25.0,0.0,25.0,1.0,89.5,29.3,60.2,66.8,UCS,vector,1,
Moji port clay,Moji port clay (dredged),tsuchida2013_hibiki_moji,"Tsuchida, Hiroshima",Japan,OPC,OPC,134.2,25.0,0.0,25.0,2.0,89.5,29.3,60.2,142.1,UCS,vector,1,
Moji port clay,Moji port clay (dredged),tsuchida2013_hibiki_moji,"Tsuchida, Hiroshima",Japan,OPC,OPC,134.2,25.0,0.0,25.0,3.0,89.5,29.3,60.2,232.2,UCS,vector,1,
Moji port clay,Moji port clay (dredged),tsuchida2013_hibiki_moji,"Tsuchida, Hiroshima",Japan,OPC,OPC,134.2,25.0,0.0,25.0,7.0,89.5,29.3,60.2,511.6,UCS,vector,1,
Moji port clay,Moji port clay (dredged),tsuchida2013_hibiki_moji,"Tsuchida, Hiroshima",Japan,OPC,OPC,134.2,25.0,0.0,25.0,90.0,89.5,29.3,60.2,1481.7,UCS,vector,1,
Moji port clay,Moji port clay (dredged),tsuchida2013_hibiki_moji,"Tsuchida, Hiroshima",Japan,OPC,OPC,134.2,42.86,0.0,42.86,1.0,89.5,29.3,60.2,227.6,UCS,vector,1,
Moji port clay,Moji port clay (dredged),tsuchida2013_hibiki_moji,"Tsuchida, Hiroshima",Japan,OPC,OPC,134.2,42.86,0.0,42.86,2.0,89.5,29.3,60.2,417.8,UCS,vector,1,
Moji port clay,Moji port clay (dredged),tsuchida2013_hibiki_moji,"Tsuchida, Hiroshima",Japan,OPC,OPC,134.2,42.86,0.0,42.86,3.0,89.5,29.3,60.2,546.4,UCS,vector,1,
Moji port clay,Moji port clay (dredged),tsuchida2013_hibiki_moji,"Tsuchida, Hiroshima",Japan,OPC,OPC,134.2,42.86,0.0,42.86,7.0,89.5,29.3,60.2,1266.4,UCS,vector,1,
Moji port clay,Moji port clay (dredged),tsuchida2013_hibiki_moji,"Tsuchida, Hiroshima",Japan,OPC,OPC,134.2,42.86,0.0,42.86,28.0,89.5,29.3,60.2,2360.8,UCS,vector,1,
Tok Bali dredged marine clay,Tok Bali dredged marine clay,chan2016,chan2016,Malaysia,OPC,OPC,52.79,35.33,0.0,35.33,3.0,56.5,16.92,39.58,2885.4,UCS,vector,1,
Tok Bali dredged marine clay,Tok Bali dredged marine clay,chan2016,chan2016,Malaysia,OPC,OPC,52.79,35.33,0.0,35.33,7.0,56.5,16.92,39.58,3233.3,UCS,vector,1,
Tok Bali dredged marine clay,Tok Bali dredged marine clay,chan2016,chan2016,Malaysia,OPC,OPC,52.79,35.33,0.0,35.33,14.0,56.5,16.92,39.58,4451.0,UCS,vector,1,
Tok Bali dredged marine clay,Tok Bali dredged marine clay,chan2016,chan2016,Malaysia,OPC,OPC,52.79,35.33,0.0,35.33,28.0,56.5,16.92,39.58,5181.7,UCS,vector,1,
Tok Bali dredged marine clay,Tok Bali dredged marine clay,chan2016,chan2016,Malaysia,OPC,OPC,52.79,35.33,0.0,35.33,56.0,56.5,16.92,39.58,7373.6,UCS,vector,1,
Tok Bali dredged marine clay,Tok Bali dredged marine clay,chan2016,chan2016,Malaysia,OPC,OPC,52.79,26.5,0.0,26.5,3.0,56.5,16.92,39.58,2293.9,UCS,vector,1,
Tok Bali dredged marine clay,Tok Bali dredged marine clay,chan2016,chan2016,Malaysia,OPC,OPC,52.79,26.5,0.0,26.5,7.0,56.5,16.92,39.58,2328.7,UCS,vector,1,
Tok Bali dredged marine clay,Tok Bali dredged marine clay,chan2016,chan2016,Malaysia,OPC,OPC,52.79,26.5,0.0,26.5,14.0,56.5,16.92,39.58,2328.7,UCS,vector,1,
Tok Bali dredged marine clay,Tok Bali dredged marine clay,chan2016,chan2016,Malaysia,OPC,OPC,52.79,26.5,0.0,26.5,28.0,56.5,16.92,39.58,3268.1,UCS,vector,1,
Tok Bali dredged marine clay,Tok Bali dredged marine clay,chan2016,chan2016,Malaysia,OPC,OPC,52.79,26.5,0.0,26.5,56.0,56.5,16.92,39.58,5251.2,UCS,vector,1,
Tok Bali dredged marine clay,Tok Bali dredged marine clay,chan2016,chan2016,Malaysia,OPC,OPC,52.79,21.21,0.0,21.21,3.0,56.5,16.92,39.58,1667.7,UCS,vector,1,
Tok Bali dredged marine clay,Tok Bali dredged marine clay,chan2016,chan2016,Malaysia,OPC,OPC,52.79,21.21,0.0,21.21,7.0,56.5,16.92,39.58,1632.9,UCS,vector,1,
Tok Bali dredged marine clay,Tok Bali dredged marine clay,chan2016,chan2016,Malaysia,OPC,OPC,52.79,21.21,0.0,21.21,14.0,56.5,16.92,39.58,1598.1,UCS,vector,1,
Tok Bali dredged marine clay,Tok Bali dredged marine clay,chan2016,chan2016,Malaysia,OPC,OPC,52.79,21.21,0.0,21.21,28.0,56.5,16.92,39.58,1911.2,UCS,vector,1,
Tok Bali dredged marine clay,Tok Bali dredged marine clay,chan2016,chan2016,Malaysia,OPC,OPC,52.79,21.21,0.0,21.21,56.0,56.5,16.92,39.58,2781.0,UCS,vector,1,
Tok Bali dredged marine clay,Tok Bali dredged marine clay,chan2016,chan2016,Malaysia,OPC,OPC,52.79,17.67,0.0,17.67,3.0,56.5,16.92,39.58,1180.6,UCS,vector,1,
Tok Bali dredged marine clay,Tok Bali dredged marine clay,chan2016,chan2016,Malaysia,OPC,OPC,52.79,17.67,0.0,17.67,7.0,56.5,16.92,39.58,1198.0,UCS,vector,1,
Tok Bali dredged marine clay,Tok Bali dredged marine clay,chan2016,chan2016,Malaysia,OPC,OPC,52.79,17.67,0.0,17.67,14.0,56.5,16.92,39.58,1093.6,UCS,vector,1,
Tok Bali dredged marine clay,Tok Bali dredged marine clay,chan2016,chan2016,Malaysia,OPC,OPC,52.79,17.67,0.0,17.67,28.0,56.5,16.92,39.58,1406.7,UCS,vector,1,
Tok Bali dredged marine clay,Tok Bali dredged marine clay,chan2016,chan2016,Malaysia,OPC,OPC,52.79,17.67,0.0,17.67,56.0,56.5,16.92,39.58,1806.8,UCS,vector,1,
Tok Bali dredged marine clay,Tok Bali dredged marine clay,chan2016,chan2016,Malaysia,OPC,OPC,52.79,15.15,0.0,15.15,3.0,56.5,16.92,39.58,954.4,UCS,vector,1,
Tok Bali dredged marine clay,Tok Bali dredged marine clay,chan2016,chan2016,Malaysia,OPC,OPC,52.79,15.15,0.0,15.15,7.0,56.5,16.92,39.58,1093.6,UCS,vector,1,
Tok Bali dredged marine clay,Tok Bali dredged marine clay,chan2016,chan2016,Malaysia,OPC,OPC,52.79,15.15,0.0,15.15,14.0,56.5,16.92,39.58,1076.2,UCS,vector,1,
Tok Bali dredged marine clay,Tok Bali dredged marine clay,chan2016,chan2016,Malaysia,OPC,OPC,52.79,15.15,0.0,15.15,28.0,56.5,16.92,39.58,1406.7,UCS,vector,1,
Tok Bali dredged marine clay,Tok Bali dredged marine clay,chan2016,chan2016,Malaysia,OPC,OPC,52.79,15.15,0.0,15.15,56.0,56.5,16.92,39.58,1806.8,UCS,vector,1,
Bangkok clay,"Bangkok clay (Ladkrabang, 3 m)",horpibulsuk2011sf,"Horpibulsuk, Suranaree",Thailand,OPC,OPC,110.54,21.78,0.0,21.78,7.0,89.0,30.0,59.0,359.0,UCS,table,1,
Bangkok clay,"Bangkok clay (Ladkrabang, 3 m)",horpibulsuk2011sf,"Horpibulsuk, Suranaree",Thailand,OPC,OPC,110.54,21.78,0.0,21.78,14.0,89.0,30.0,59.0,500.0,UCS,table,1,
Bangkok clay,"Bangkok clay (Ladkrabang, 3 m)",horpibulsuk2011sf,"Horpibulsuk, Suranaree",Thailand,OPC,OPC,110.54,21.78,0.0,21.78,28.0,89.0,30.0,59.0,669.0,UCS,table,1,
Bangkok clay,"Bangkok clay (Ladkrabang, 3 m)",horpibulsuk2011sf,"Horpibulsuk, Suranaree",Thailand,OPC,OPC,113.83,25.81,0.0,25.81,7.0,89.0,30.0,59.0,453.0,UCS,table,1,
Bangkok clay,"Bangkok clay (Ladkrabang, 3 m)",horpibulsuk2011sf,"Horpibulsuk, Suranaree",Thailand,OPC,OPC,113.83,25.81,0.0,25.81,14.0,89.0,30.0,59.0,614.0,UCS,table,1,
Bangkok clay,"Bangkok clay (Ladkrabang, 3 m)",horpibulsuk2011sf,"Horpibulsuk, Suranaree",Thailand,OPC,OPC,113.83,25.81,0.0,25.81,28.0,89.0,30.0,59.0,865.0,UCS,table,1,
Bangkok clay,"Bangkok clay (Ladkrabang, 3 m)",horpibulsuk2011sf,"Horpibulsuk, Suranaree",Thailand,OPC,OPC,117.12,29.95,0.0,29.95,7.0,89.0,30.0,59.0,593.0,UCS,table,1,
Bangkok clay,"Bangkok clay (Ladkrabang, 3 m)",horpibulsuk2011sf,"Horpibulsuk, Suranaree",Thailand,OPC,OPC,117.12,29.95,0.0,29.95,14.0,89.0,30.0,59.0,770.0,UCS,table,1,
Bangkok clay,"Bangkok clay (Ladkrabang, 3 m)",horpibulsuk2011sf,"Horpibulsuk, Suranaree",Thailand,OPC,OPC,117.12,29.95,0.0,29.95,28.0,89.0,30.0,59.0,1010.0,UCS,table,1,
Bangkok clay,"Bangkok clay (Ladkrabang, 3 m)",horpibulsuk2011sf,"Horpibulsuk, Suranaree",Thailand,OPC,OPC,123.7,38.57,0.0,38.57,7.0,89.0,30.0,59.0,762.0,UCS,table,1,
Bangkok clay,"Bangkok clay (Ladkrabang, 3 m)",horpibulsuk2011sf,"Horpibulsuk, Suranaree",Thailand,OPC,OPC,123.7,38.57,0.0,38.57,14.0,89.0,30.0,59.0,940.0,UCS,table,1,
Bangkok clay,"Bangkok clay (Ladkrabang, 3 m)",horpibulsuk2011sf,"Horpibulsuk, Suranaree",Thailand,OPC,OPC,123.7,38.57,0.0,38.57,28.0,89.0,30.0,59.0,1197.0,UCS,table,1,
Bangkok clay,"Bangkok clay (KMUTT, 4-5 m)",jongpradist2018,jongpradist2018,Thailand,OPC,OPC,135.0,5.0,0.0,5.0,7.0,119.0,41.0,78.0,23.7,UCS,vector,1,
Bangkok clay,"Bangkok clay (KMUTT, 4-5 m)",jongpradist2018,jongpradist2018,Thailand,OPC,OPC,140.0,10.0,0.0,10.0,7.0,119.0,41.0,78.0,124.1,UCS,vector,1,
Bangkok clay,"Bangkok clay (KMUTT, 4-5 m)",jongpradist2018,jongpradist2018,Thailand,other:PC+RHA,OPC,140.0,15.0,33.3,18.7462,7.0,119.0,41.0,78.0,164.5,UCS,vector,1,
Bangkok clay,"Bangkok clay (KMUTT, 4-5 m)",jongpradist2018,jongpradist2018,Thailand,other:PC+RHA,OPC,140.0,25.0,60.0,36.25,7.0,119.0,41.0,78.0,295.0,UCS,vector,1,
Bangkok clay,"Bangkok clay (KMUTT, 4-5 m)",jongpradist2018,jongpradist2018,Thailand,other:PC+RHA,OPC,140.0,35.0,71.4,53.7425,7.0,119.0,41.0,78.0,431.5,UCS,vector,1,
Bangkok clay,"Bangkok clay (KMUTT, 4-5 m)",jongpradist2018,jongpradist2018,Thailand,other:PC+RHA,OPC,140.0,45.0,77.8,71.2575,7.0,119.0,41.0,78.0,551.1,UCS,vector,1,
Bangkok clay,"Bangkok clay (KMUTT, 4-5 m)",jongpradist2018,jongpradist2018,Thailand,OPC,OPC,145.0,15.0,0.0,15.0,7.0,119.0,41.0,78.0,180.8,UCS,vector,1,
Bangkok clay,"Bangkok clay (KMUTT, 4-5 m)",jongpradist2018,jongpradist2018,Thailand,OPC,OPC,150.0,20.0,0.0,20.0,7.0,119.0,41.0,78.0,290.4,UCS,vector,1,
Bangkok clay,"Bangkok clay (KMUTT, 4-5 m)",jongpradist2018,jongpradist2018,Thailand,other:PC+RHA,OPC,150.0,25.0,20.0,28.75,7.0,119.0,41.0,78.0,338.9,UCS,vector,1,
Bangkok clay,"Bangkok clay (KMUTT, 4-5 m)",jongpradist2018,jongpradist2018,Thailand,other:PC+RHA,OPC,150.0,35.0,42.9,46.2612,7.0,119.0,41.0,78.0,448.4,UCS,vector,1,
Bangkok clay,"Bangkok clay (KMUTT, 4-5 m)",jongpradist2018,jongpradist2018,Thailand,other:PC+RHA,OPC,150.0,45.0,55.6,63.765,7.0,119.0,41.0,78.0,619.5,UCS,vector,1,
Bangkok clay,"Bangkok clay (KMUTT, 4-5 m)",jongpradist2018,jongpradist2018,Thailand,other:PC+RHA,OPC,150.0,55.0,63.6,81.235,7.0,119.0,41.0,78.0,869.5,UCS,vector,1,
Bangkok clay,"Bangkok clay (KMUTT, 4-5 m)",jongpradist2018,jongpradist2018,Thailand,OPC,OPC,155.0,25.0,0.0,25.0,7.0,119.0,41.0,78.0,407.7,UCS,vector,1,
Bangkok clay,"Bangkok clay (KMUTT, 4-5 m)",jongpradist2018,jongpradist2018,Thailand,OPC,OPC,160.0,30.0,0.0,30.0,7.0,119.0,41.0,78.0,453.8,UCS,vector,1,
Bangkok clay,"Bangkok clay (KMUTT, 4-5 m)",jongpradist2018,jongpradist2018,Thailand,other:PC+RHA,OPC,160.0,35.0,14.3,38.7538,7.0,119.0,41.0,78.0,491.9,UCS,vector,1,
Bangkok clay,"Bangkok clay (KMUTT, 4-5 m)",jongpradist2018,jongpradist2018,Thailand,other:PC+RHA,OPC,160.0,45.0,33.3,56.2387,7.0,119.0,41.0,78.0,653.4,UCS,vector,1,
Bangkok clay,"Bangkok clay (KMUTT, 4-5 m)",jongpradist2018,jongpradist2018,Thailand,other:PC+RHA,OPC,160.0,55.0,45.5,73.7687,7.0,119.0,41.0,78.0,863.2,UCS,vector,1,
Bangkok clay,"Bangkok clay (KMUTT, 4-5 m)",jongpradist2018,jongpradist2018,Thailand,OPC,OPC,165.0,35.0,0.0,35.0,7.0,119.0,41.0,78.0,476.8,UCS,vector,1,
Bangkok clay,"Bangkok clay (KMUTT, 4-5 m)",jongpradist2018,jongpradist2018,Thailand,OPC,OPC,170.0,40.0,0.0,40.0,7.0,119.0,41.0,78.0,506.4,UCS,vector,1,
Bangkok clay,"Bangkok clay (KMUTT, 4-5 m)",jongpradist2018,jongpradist2018,Thailand,OPC,OPC,175.0,45.0,0.0,45.0,7.0,119.0,41.0,78.0,531.0,UCS,vector,1,
Bangkok clay,"Bangkok clay (KMUTT, 4-5 m)",jongpradist2018,jongpradist2018,Thailand,OPC,OPC,185.0,55.0,0.0,55.0,7.0,119.0,41.0,78.0,566.1,UCS,vector,1,
Bangkok clay,"Bangkok clay (KMUTT, 4-5 m)",jongpradist2018,jongpradist2018,Thailand,OPC,OPC,165.0,5.0,0.0,5.0,7.0,119.0,41.0,78.0,19.4,UCS,vector,1,
Bangkok clay,"Bangkok clay (KMUTT, 4-5 m)",jongpradist2018,jongpradist2018,Thailand,OPC,OPC,170.0,10.0,0.0,10.0,7.0,119.0,41.0,78.0,106.4,UCS,vector,1,
Bangkok clay,"Bangkok clay (KMUTT, 4-5 m)",jongpradist2018,jongpradist2018,Thailand,other:PC+RHA,OPC,170.0,15.0,33.3,18.7462,7.0,119.0,41.0,78.0,94.0,UCS,vector,1,
Bangkok clay,"Bangkok clay (KMUTT, 4-5 m)",jongpradist2018,jongpradist2018,Thailand,other:PC+RHA,OPC,170.0,25.0,60.0,36.25,7.0,119.0,41.0,78.0,150.5,UCS,vector,1,
Bangkok clay,"Bangkok clay (KMUTT, 4-5 m)",jongpradist2018,jongpradist2018,Thailand,other:PC+RHA,OPC,170.0,35.0,71.4,53.7425,7.0,119.0,41.0,78.0,232.5,UCS,vector,1,
Bangkok clay,"Bangkok clay (KMUTT, 4-5 m)",jongpradist2018,jongpradist2018,Thailand,other:PC+RHA,OPC,170.0,45.0,77.8,71.2575,7.0,119.0,41.0,78.0,309.1,UCS,vector,1,
Bangkok clay,"Bangkok clay (KMUTT, 4-5 m)",jongpradist2018,jongpradist2018,Thailand,OPC,OPC,175.0,15.0,0.0,15.0,7.0,119.0,41.0,78.0,149.6,UCS,vector,1,
Bangkok clay,"Bangkok clay (KMUTT, 4-5 m)",jongpradist2018,jongpradist2018,Thailand,OPC,OPC,180.0,20.0,0.0,20.0,7.0,119.0,41.0,78.0,186.2,UCS,vector,1,
Bangkok clay,"Bangkok clay (KMUTT, 4-5 m)",jongpradist2018,jongpradist2018,Thailand,other:PC+RHA,OPC,180.0,25.0,20.0,28.75,7.0,119.0,41.0,78.0,142.7,UCS,vector,1,
Bangkok clay,"Bangkok clay (KMUTT, 4-5 m)",jongpradist2018,jongpradist2018,Thailand,other:PC+RHA,OPC,180.0,35.0,42.9,46.2612,7.0,119.0,41.0,78.0,266.1,UCS,vector,1,
Bangkok clay,"Bangkok clay (KMUTT, 4-5 m)",jongpradist2018,jongpradist2018,Thailand,other:PC+RHA,OPC,180.0,45.0,55.6,63.765,7.0,119.0,41.0,78.0,372.3,UCS,vector,1,
Bangkok clay,"Bangkok clay (KMUTT, 4-5 m)",jongpradist2018,jongpradist2018,Thailand,other:PC+RHA,OPC,180.0,55.0,63.6,81.235,7.0,119.0,41.0,78.0,492.2,UCS,vector,1,
Bangkok clay,"Bangkok clay (KMUTT, 4-5 m)",jongpradist2018,jongpradist2018,Thailand,OPC,OPC,185.0,25.0,0.0,25.0,7.0,119.0,41.0,78.0,204.7,UCS,vector,1,
Bangkok clay,"Bangkok clay (KMUTT, 4-5 m)",jongpradist2018,jongpradist2018,Thailand,OPC,OPC,190.0,30.0,0.0,30.0,7.0,119.0,41.0,78.0,242.8,UCS,vector,1,
Bangkok clay,"Bangkok clay (KMUTT, 4-5 m)",jongpradist2018,jongpradist2018,Thailand,other:PC+RHA,OPC,190.0,35.0,14.3,38.7538,7.0,119.0,41.0,78.0,294.3,UCS,vector,1,
Bangkok clay,"Bangkok clay (KMUTT, 4-5 m)",jongpradist2018,jongpradist2018,Thailand,other:PC+RHA,OPC,190.0,45.0,33.3,56.2387,7.0,119.0,41.0,78.0,367.7,UCS,vector,1,
Bangkok clay,"Bangkok clay (KMUTT, 4-5 m)",jongpradist2018,jongpradist2018,Thailand,other:PC+RHA,OPC,190.0,55.0,45.5,73.7687,7.0,119.0,41.0,78.0,532.4,UCS,vector,1,
Bangkok clay,"Bangkok clay (KMUTT, 4-5 m)",jongpradist2018,jongpradist2018,Thailand,OPC,OPC,195.0,35.0,0.0,35.0,7.0,119.0,41.0,78.0,250.0,UCS,vector,1,
Bangkok clay,"Bangkok clay (KMUTT, 4-5 m)",jongpradist2018,jongpradist2018,Thailand,OPC,OPC,200.0,40.0,0.0,40.0,7.0,119.0,41.0,78.0,288.6,UCS,vector,1,
Bangkok clay,"Bangkok clay (KMUTT, 4-5 m)",jongpradist2018,jongpradist2018,Thailand,OPC,OPC,205.0,45.0,0.0,45.0,7.0,119.0,41.0,78.0,326.5,UCS,vector,1,
Bangkok clay,"Bangkok clay (KMUTT, 4-5 m)",jongpradist2018,jongpradist2018,Thailand,OPC,OPC,215.0,55.0,0.0,55.0,7.0,119.0,41.0,78.0,386.8,UCS,vector,1,
Bangkok clay,"Bangkok clay (KMUTT, 4-5 m)",jongpradist2018,jongpradist2018,Thailand,OPC,OPC,205.0,5.0,0.0,5.0,7.0,119.0,41.0,78.0,7.5,UCS,vector,1,
Bangkok clay,"Bangkok clay (KMUTT, 4-5 m)",jongpradist2018,jongpradist2018,Thailand,OPC,OPC,210.0,10.0,0.0,10.0,7.0,119.0,41.0,78.0,32.6,UCS,vector,1,
Bangkok clay,"Bangkok clay (KMUTT, 4-5 m)",jongpradist2018,jongpradist2018,Thailand,other:PC+RHA,OPC,210.0,15.0,33.3,18.7462,7.0,119.0,41.0,78.0,37.1,UCS,vector,1,
Bangkok clay,"Bangkok clay (KMUTT, 4-5 m)",jongpradist2018,jongpradist2018,Thailand,other:PC+RHA,OPC,210.0,25.0,60.0,36.25,7.0,119.0,41.0,78.0,78.6,UCS,vector,1,
Bangkok clay,"Bangkok clay (KMUTT, 4-5 m)",jongpradist2018,jongpradist2018,Thailand,other:PC+RHA,OPC,210.0,35.0,71.4,53.7425,7.0,119.0,41.0,78.0,130.7,UCS,vector,1,
Bangkok clay,"Bangkok clay (KMUTT, 4-5 m)",jongpradist2018,jongpradist2018,Thailand,other:PC+RHA,OPC,210.0,45.0,77.8,71.2575,7.0,119.0,41.0,78.0,161.6,UCS,vector,1,
Bangkok clay,"Bangkok clay (KMUTT, 4-5 m)",jongpradist2018,jongpradist2018,Thailand,OPC,OPC,215.0,15.0,0.0,15.0,7.0,119.0,41.0,78.0,52.9,UCS,vector,1,
Bangkok clay,"Bangkok clay (KMUTT, 4-5 m)",jongpradist2018,jongpradist2018,Thailand,OPC,OPC,220.0,20.0,0.0,20.0,7.0,119.0,41.0,78.0,89.0,UCS,vector,1,
Bangkok clay,"Bangkok clay (KMUTT, 4-5 m)",jongpradist2018,jongpradist2018,Thailand,other:PC+RHA,OPC,220.0,25.0,20.0,28.75,7.0,119.0,41.0,78.0,100.5,UCS,vector,1,
Bangkok clay,"Bangkok clay (KMUTT, 4-5 m)",jongpradist2018,jongpradist2018,Thailand,other:PC+RHA,OPC,220.0,55.0,63.6,81.235,7.0,119.0,41.0,78.0,238.3,UCS,vector,1,
Bangkok clay,"Bangkok clay (KMUTT, 4-5 m)",jongpradist2018,jongpradist2018,Thailand,OPC,OPC,225.0,25.0,0.0,25.0,7.0,119.0,41.0,78.0,120.8,UCS,vector,1,
Bangkok clay,"Bangkok clay (KMUTT, 4-5 m)",jongpradist2018,jongpradist2018,Thailand,OPC,OPC,230.0,30.0,0.0,30.0,7.0,119.0,41.0,78.0,134.6,UCS,vector,1,
Bangkok clay,"Bangkok clay (KMUTT, 4-5 m)",jongpradist2018,jongpradist2018,Thailand,other:PC+RHA,OPC,230.0,35.0,14.3,38.7538,7.0,119.0,41.0,78.0,162.9,UCS,vector,1,
Bangkok clay,"Bangkok clay (KMUTT, 4-5 m)",jongpradist2018,jongpradist2018,Thailand,other:PC+RHA,OPC,230.0,45.0,33.3,56.2387,7.0,119.0,41.0,78.0,217.1,UCS,vector,1,
Bangkok clay,"Bangkok clay (KMUTT, 4-5 m)",jongpradist2018,jongpradist2018,Thailand,other:PC+RHA,OPC,230.0,55.0,45.5,73.7687,7.0,119.0,41.0,78.0,282.6,UCS,vector,1,
Bangkok clay,"Bangkok clay (KMUTT, 4-5 m)",jongpradist2018,jongpradist2018,Thailand,OPC,OPC,235.0,35.0,0.0,35.0,7.0,119.0,41.0,78.0,138.5,UCS,vector,1,
Bangkok clay,"Bangkok clay (KMUTT, 4-5 m)",jongpradist2018,jongpradist2018,Thailand,OPC,OPC,240.0,40.0,0.0,40.0,7.0,119.0,41.0,78.0,164.5,UCS,vector,1,
Bangkok clay,"Bangkok clay (KMUTT, 4-5 m)",jongpradist2018,jongpradist2018,Thailand,OPC,OPC,245.0,45.0,0.0,45.0,7.0,119.0,41.0,78.0,176.3,UCS,vector,1,
Bangkok clay,"Bangkok clay (KMUTT, 4-5 m)",jongpradist2018,jongpradist2018,Thailand,OPC,OPC,255.0,55.0,0.0,55.0,7.0,119.0,41.0,78.0,201.4,UCS,vector,1,
Bangkok clay,"Bangkok clay (KMUTT, 4-5 m)",jongpradist2018,jongpradist2018,Thailand,OPC,OPC,135.0,5.0,0.0,5.0,14.0,119.0,41.0,78.0,26.5,UCS,vector,1,
Bangkok clay,"Bangkok clay (KMUTT, 4-5 m)",jongpradist2018,jongpradist2018,Thailand,OPC,OPC,140.0,10.0,0.0,10.0,14.0,119.0,41.0,78.0,132.5,UCS,vector,1,
Bangkok clay,"Bangkok clay (KMUTT, 4-5 m)",jongpradist2018,jongpradist2018,Thailand,other:PC+RHA,OPC,140.0,15.0,33.3,18.7462,14.0,119.0,41.0,78.0,263.1,UCS,vector,1,
Bangkok clay,"Bangkok clay (KMUTT, 4-5 m)",jongpradist2018,jongpradist2018,Thailand,other:PC+RHA,OPC,140.0,25.0,60.0,36.25,14.0,119.0,41.0,78.0,534.4,UCS,vector,1,
Bangkok clay,"Bangkok clay (KMUTT, 4-5 m)",jongpradist2018,jongpradist2018,Thailand,other:PC+RHA,OPC,140.0,35.0,71.4,53.7425,14.0,119.0,41.0,78.0,711.8,UCS,vector,1,
Bangkok clay,"Bangkok clay (KMUTT, 4-5 m)",jongpradist2018,jongpradist2018,Thailand,other:PC+RHA,OPC,140.0,45.0,77.8,71.2575,14.0,119.0,41.0,78.0,811.5,UCS,vector,1,
Bangkok clay,"Bangkok clay (KMUTT, 4-5 m)",jongpradist2018,jongpradist2018,Thailand,OPC,OPC,145.0,15.0,0.0,15.0,14.0,119.0,41.0,78.0,244.6,UCS,vector,1,
Bangkok clay,"Bangkok clay (KMUTT, 4-5 m)",jongpradist2018,jongpradist2018,Thailand,OPC,OPC,150.0,20.0,0.0,20.0,14.0,119.0,41.0,78.0,349.0,UCS,vector,1,
Bangkok clay,"Bangkok clay (KMUTT, 4-5 m)",jongpradist2018,jongpradist2018,Thailand,other:PC+RHA,OPC,150.0,25.0,20.0,28.75,14.0,119.0,41.0,78.0,487.1,UCS,vector,1,
Bangkok clay,"Bangkok clay (KMUTT, 4-5 m)",jongpradist2018,jongpradist2018,Thailand,other:PC+RHA,OPC,150.0,35.0,42.9,46.2612,14.0,119.0,41.0,78.0,795.8,UCS,vector,1,
Bangkok clay,"Bangkok clay (KMUTT, 4-5 m)",jongpradist2018,jongpradist2018,Thailand,other:PC+RHA,OPC,150.0,45.0,55.6,63.765,14.0,119.0,41.0,78.0,1275.9,UCS,vector,1,
Bangkok clay,"Bangkok clay (KMUTT, 4-5 m)",jongpradist2018,jongpradist2018,Thailand,other:PC+RHA,OPC,150.0,55.0,63.6,81.235,14.0,119.0,41.0,78.0,1628.5,UCS,vector,1,
Bangkok clay,"Bangkok clay (KMUTT, 4-5 m)",jongpradist2018,jongpradist2018,Thailand,OPC,OPC,155.0,25.0,0.0,25.0,14.0,119.0,41.0,78.0,507.3,UCS,vector,1,
Bangkok clay,"Bangkok clay (KMUTT, 4-5 m)",jongpradist2018,jongpradist2018,Thailand,OPC,OPC,160.0,30.0,0.0,30.0,14.0,119.0,41.0,78.0,557.9,UCS,vector,1,
Bangkok clay,"Bangkok clay (KMUTT, 4-5 m)",jongpradist2018,jongpradist2018,Thailand,other:PC+RHA,OPC,160.0,35.0,14.3,38.7538,14.0,119.0,41.0,78.0,654.5,UCS,vector,1,
Bangkok clay,"Bangkok clay (KMUTT, 4-5 m)",jongpradist2018,jongpradist2018,Thailand,other:PC+RHA,OPC,160.0,45.0,33.3,56.2387,14.0,119.0,41.0,78.0,1046.5,UCS,vector,1,
Bangkok clay,"Bangkok clay (KMUTT, 4-5 m)",jongpradist2018,jongpradist2018,Thailand,other:PC+RHA,OPC,160.0,55.0,45.5,73.7687,14.0,119.0,41.0,78.0,1541.0,UCS,vector,1,
Bangkok clay,"Bangkok clay (KMUTT, 4-5 m)",jongpradist2018,jongpradist2018,Thailand,OPC,OPC,165.0,35.0,0.0,35.0,14.0,119.0,41.0,78.0,647.3,UCS,vector,1,
Bangkok clay,"Bangkok clay (KMUTT, 4-5 m)",jongpradist2018,jongpradist2018,Thailand,OPC,OPC,170.0,40.0,0.0,40.0,14.0,119.0,41.0,78.0,728.1,UCS,vector,1,
Bangkok clay,"Bangkok clay (KMUTT, 4-5 m)",jongpradist2018,jongpradist2018,Thailand,OPC,OPC,175.0,45.0,0.0,45.0,14.0,119.0,41.0,78.0,784.1,UCS,vector,1,
Bangkok clay,"Bangkok clay (KMUTT, 4-5 m)",jongpradist2018,jongpradist2018,Thailand,OPC,OPC,185.0,55.0,0.0,55.0,14.0,119.0,41.0,78.0,851.9,UCS,vector,1,
Bangkok clay,"Bangkok clay (KMUTT, 4-5 m)",jongpradist2018,jongpradist2018,Thailand,OPC,OPC,165.0,5.0,0.0,5.0,14.0,119.0,41.0,78.0,26.6,UCS,vector,1,
Bangkok clay,"Bangkok clay (KMUTT, 4-5 m)",jongpradist2018,jongpradist2018,Thailand,OPC,OPC,170.0,10.0,0.0,10.0,14.0,119.0,41.0,78.0,128.5,UCS,vector,1,
Bangkok clay,"Bangkok clay (KMUTT, 4-5 m)",jongpradist2018,jongpradist2018,Thailand,other:PC+RHA,OPC,170.0,15.0,33.3,18.7462,14.0,119.0,41.0,78.0,141.7,UCS,vector,1,
Bangkok clay,"Bangkok clay (KMUTT, 4-5 m)",jongpradist2018,jongpradist2018,Thailand,other:PC+RHA,OPC,170.0,25.0,60.0,36.25,14.0,119.0,41.0,78.0,297.2,UCS,vector,1,
Bangkok clay,"Bangkok clay (KMUTT, 4-5 m)",jongpradist2018,jongpradist2018,Thailand,other:PC+RHA,OPC,170.0,35.0,71.4,53.7425,14.0,119.0,41.0,78.0,394.0,UCS,vector,1,
Bangkok clay,"Bangkok clay (KMUTT, 4-5 m)",jongpradist2018,jongpradist2018,Thailand,other:PC+RHA,OPC,170.0,45.0,77.8,71.2575,14.0,119.0,41.0,78.0,401.2,UCS,vector,1,
Bangkok clay,"Bangkok clay (KMUTT, 4-5 m)",jongpradist2018,jongpradist2018,Thailand,OPC,OPC,175.0,15.0,0.0,15.0,14.0,119.0,41.0,78.0,231.3,UCS,vector,1,
Bangkok clay,"Bangkok clay (KMUTT, 4-5 m)",jongpradist2018,jongpradist2018,Thailand,OPC,OPC,180.0,20.0,0.0,20.0,14.0,119.0,41.0,78.0,239.1,UCS,vector,1,
Bangkok clay,"Bangkok clay (KMUTT, 4-5 m)",jongpradist2018,jongpradist2018,Thailand,other:PC+RHA,OPC,180.0,35.0,42.9,46.2612,14.0,119.0,41.0,78.0,421.1,UCS,vector,1,
Bangkok clay,"Bangkok clay (KMUTT, 4-5 m)",jongpradist2018,jongpradist2018,Thailand,other:PC+RHA,OPC,180.0,45.0,55.6,63.765,14.0,119.0,41.0,78.0,632.2,UCS,vector,1,
Bangkok clay,"Bangkok clay (KMUTT, 4-5 m)",jongpradist2018,jongpradist2018,Thailand,other:PC+RHA,OPC,180.0,55.0,63.6,81.235,14.0,119.0,41.0,78.0,953.4,UCS,vector,1,
Bangkok clay,"Bangkok clay (KMUTT, 4-5 m)",jongpradist2018,jongpradist2018,Thailand,OPC,OPC,185.0,25.0,0.0,25.0,14.0,119.0,41.0,78.0,251.7,UCS,vector,1,
Bangkok clay,"Bangkok clay (KMUTT, 4-5 m)",jongpradist2018,jongpradist2018,Thailand,OPC,OPC,190.0,30.0,0.0,30.0,14.0,119.0,41.0,78.0,288.5,UCS,vector,1,
Bangkok clay,"Bangkok clay (KMUTT, 4-5 m)",jongpradist2018,jongpradist2018,Thailand,other:PC+RHA,OPC,190.0,35.0,14.3,38.7538,14.0,119.0,41.0,78.0,404.8,UCS,vector,1,
Bangkok clay,"Bangkok clay (KMUTT, 4-5 m)",jongpradist2018,jongpradist2018,Thailand,other:PC+RHA,OPC,190.0,45.0,33.3,56.2387,14.0,119.0,41.0,78.0,578.5,UCS,vector,1,
Bangkok clay,"Bangkok clay (KMUTT, 4-5 m)",jongpradist2018,jongpradist2018,Thailand,other:PC+RHA,OPC,190.0,55.0,45.5,73.7687,14.0,119.0,41.0,78.0,953.4,UCS,vector,1,
Bangkok clay,"Bangkok clay (KMUTT, 4-5 m)",jongpradist2018,jongpradist2018,Thailand,OPC,OPC,195.0,35.0,0.0,35.0,14.0,119.0,41.0,78.0,311.8,UCS,vector,1,
Bangkok clay,"Bangkok clay (KMUTT, 4-5 m)",jongpradist2018,jongpradist2018,Thailand,OPC,OPC,200.0,40.0,0.0,40.0,14.0,119.0,41.0,78.0,387.5,UCS,vector,1,
Bangkok clay,"Bangkok clay (KMUTT, 4-5 m)",jongpradist2018,jongpradist2018,Thailand,OPC,OPC,205.0,45.0,0.0,45.0,14.0,119.0,41.0,78.0,409.8,UCS,vector,1,
Bangkok clay,"Bangkok clay (KMUTT, 4-5 m)",jongpradist2018,jongpradist2018,Thailand,OPC,OPC,215.0,55.0,0.0,55.0,14.0,119.0,41.0,78.0,444.7,UCS,vector,1,
Bangkok clay,"Bangkok clay (KMUTT, 4-5 m)",jongpradist2018,jongpradist2018,Thailand,OPC,OPC,205.0,5.0,0.0,5.0,14.0,119.0,41.0,78.0,9.9,UCS,vector,1,
Bangkok clay,"Bangkok clay (KMUTT, 4-5 m)",jongpradist2018,jongpradist2018,Thailand,OPC,OPC,210.0,10.0,0.0,10.0,14.0,119.0,41.0,78.0,38.0,UCS,vector,1,
Bangkok clay,"Bangkok clay (KMUTT, 4-5 m)",jongpradist2018,jongpradist2018,Thailand,other:PC+RHA,OPC,210.0,15.0,33.3,18.7462,14.0,119.0,41.0,78.0,64.1,UCS,vector,1,
Bangkok clay,"Bangkok clay (KMUTT, 4-5 m)",jongpradist2018,jongpradist2018,Thailand,other:PC+RHA,OPC,210.0,25.0,60.0,36.25,14.0,119.0,41.0,78.0,158.4,UCS,vector,1,
Bangkok clay,"Bangkok clay (KMUTT, 4-5 m)",jongpradist2018,jongpradist2018,Thailand,other:PC+RHA,OPC,210.0,35.0,71.4,53.7425,14.0,119.0,41.0,78.0,222.4,UCS,vector,1,
Bangkok clay,"Bangkok clay (KMUTT, 4-5 m)",jongpradist2018,jongpradist2018,Thailand,other:PC+RHA,OPC,210.0,45.0,77.8,71.2575,14.0,119.0,41.0,78.0,235.4,UCS,vector,1,
Bangkok clay,"Bangkok clay (KMUTT, 4-5 m)",jongpradist2018,jongpradist2018,Thailand,OPC,OPC,215.0,15.0,0.0,15.0,14.0,119.0,41.0,78.0,77.6,UCS,vector,1,
Bangkok clay,"Bangkok clay (KMUTT, 4-5 m)",jongpradist2018,jongpradist2018,Thailand,OPC,OPC,220.0,20.0,0.0,20.0,14.0,119.0,41.0,78.0,115.2,UCS,vector,1,
Bangkok clay,"Bangkok clay (KMUTT, 4-5 m)",jongpradist2018,jongpradist2018,Thailand,other:PC+RHA,OPC,220.0,35.0,42.9,46.2612,14.0,119.0,41.0,78.0,247.0,UCS,vector,1,
Bangkok clay,"Bangkok clay (KMUTT, 4-5 m)",jongpradist2018,jongpradist2018,Thailand,other:PC+RHA,OPC,220.0,45.0,55.6,63.765,14.0,119.0,41.0,78.0,374.7,UCS,vector,1,
Bangkok clay,"Bangkok clay (KMUTT, 4-5 m)",jongpradist2018,jongpradist2018,Thailand,other:PC+RHA,OPC,220.0,55.0,63.6,81.235,14.0,119.0,41.0,78.0,520.9,UCS,vector,1,
Bangkok clay,"Bangkok clay (KMUTT, 4-5 m)",jongpradist2018,jongpradist2018,Thailand,OPC,OPC,225.0,25.0,0.0,25.0,14.0,119.0,41.0,78.0,151.1,UCS,vector,1,
Bangkok clay,"Bangkok clay (KMUTT, 4-5 m)",jongpradist2018,jongpradist2018,Thailand,OPC,OPC,230.0,30.0,0.0,30.0,14.0,119.0,41.0,78.0,170.7,UCS,vector,1,
Bangkok clay,"Bangkok clay (KMUTT, 4-5 m)",jongpradist2018,jongpradist2018,Thailand,other:PC+RHA,OPC,230.0,45.0,33.3,56.2387,14.0,119.0,41.0,78.0,339.1,UCS,vector,1,
Bangkok clay,"Bangkok clay (KMUTT, 4-5 m)",jongpradist2018,jongpradist2018,Thailand,other:PC+RHA,OPC,230.0,55.0,45.5,73.7687,14.0,119.0,41.0,78.0,520.8,UCS,vector,1,
Bangkok clay,"Bangkok clay (KMUTT, 4-5 m)",jongpradist2018,jongpradist2018,Thailand,OPC,OPC,235.0,35.0,0.0,35.0,14.0,119.0,41.0,78.0,190.1,UCS,vector,1,
Bangkok clay,"Bangkok clay (KMUTT, 4-5 m)",jongpradist2018,jongpradist2018,Thailand,OPC,OPC,240.0,40.0,0.0,40.0,14.0,119.0,41.0,78.0,215.7,UCS,vector,1,
Bangkok clay,"Bangkok clay (KMUTT, 4-5 m)",jongpradist2018,jongpradist2018,Thailand,OPC,OPC,245.0,45.0,0.0,45.0,14.0,119.0,41.0,78.0,226.1,UCS,vector,1,
Bangkok clay,"Bangkok clay (KMUTT, 4-5 m)",jongpradist2018,jongpradist2018,Thailand,OPC,OPC,255.0,55.0,0.0,55.0,14.0,119.0,41.0,78.0,263.1,UCS,vector,1,
Bangkok clay,"Bangkok clay (KMUTT, 4-5 m)",jongpradist2018,jongpradist2018,Thailand,OPC,OPC,135.0,5.0,0.0,5.0,28.0,119.0,41.0,78.0,39.6,UCS,vector,1,
Bangkok clay,"Bangkok clay (KMUTT, 4-5 m)",jongpradist2018,jongpradist2018,Thailand,OPC,OPC,140.0,10.0,0.0,10.0,28.0,119.0,41.0,78.0,277.3,UCS,vector,1,
Bangkok clay,"Bangkok clay (KMUTT, 4-5 m)",jongpradist2018,jongpradist2018,Thailand,other:PC+RHA,OPC,140.0,15.0,33.3,18.7462,28.0,119.0,41.0,78.0,445.3,UCS,vector,1,
Bangkok clay,"Bangkok clay (KMUTT, 4-5 m)",jongpradist2018,jongpradist2018,Thailand,other:PC+RHA,OPC,140.0,25.0,60.0,36.25,28.0,119.0,41.0,78.0,740.9,UCS,vector,1,
Bangkok clay,"Bangkok clay (KMUTT, 4-5 m)",jongpradist2018,jongpradist2018,Thailand,other:PC+RHA,OPC,140.0,35.0,71.4,53.7425,28.0,119.0,41.0,78.0,900.5,UCS,vector,1,
Bangkok clay,"Bangkok clay (KMUTT, 4-5 m)",jongpradist2018,jongpradist2018,Thailand,other:PC+RHA,OPC,140.0,45.0,77.8,71.2575,28.0,119.0,41.0,78.0,996.5,UCS,vector,1,
Bangkok clay,"Bangkok clay (KMUTT, 4-5 m)",jongpradist2018,jongpradist2018,Thailand,OPC,OPC,145.0,15.0,0.0,15.0,28.0,119.0,41.0,78.0,389.3,UCS,vector,1,
Bangkok clay,"Bangkok clay (KMUTT, 4-5 m)",jongpradist2018,jongpradist2018,Thailand,OPC,OPC,150.0,20.0,0.0,20.0,28.0,119.0,41.0,78.0,518.1,UCS,vector,1,
Bangkok clay,"Bangkok clay (KMUTT, 4-5 m)",jongpradist2018,jongpradist2018,Thailand,other:PC+RHA,OPC,150.0,25.0,20.0,28.75,28.0,119.0,41.0,78.0,680.2,UCS,vector,1,
Bangkok clay,"Bangkok clay (KMUTT, 4-5 m)",jongpradist2018,jongpradist2018,Thailand,other:PC+RHA,OPC,150.0,35.0,42.9,46.2612,28.0,119.0,41.0,78.0,1386.8,UCS,vector,1,
Bangkok clay,"Bangkok clay (KMUTT, 4-5 m)",jongpradist2018,jongpradist2018,Thailand,other:PC+RHA,OPC,150.0,45.0,55.6,63.765,28.0,119.0,41.0,78.0,1733.0,UCS,vector,1,
Bangkok clay,"Bangkok clay (KMUTT, 4-5 m)",jongpradist2018,jongpradist2018,Thailand,other:PC+RHA,OPC,150.0,55.0,63.6,81.235,28.0,119.0,41.0,78.0,2141.0,UCS,vector,1,
Bangkok clay,"Bangkok clay (KMUTT, 4-5 m)",jongpradist2018,jongpradist2018,Thailand,OPC,OPC,155.0,25.0,0.0,25.0,28.0,119.0,41.0,78.0,710.3,UCS,vector,1,
Bangkok clay,"Bangkok clay (KMUTT, 4-5 m)",jongpradist2018,jongpradist2018,Thailand,OPC,OPC,160.0,30.0,0.0,30.0,28.0,119.0,41.0,78.0,790.6,UCS,vector,1,
Bangkok clay,"Bangkok clay (KMUTT, 4-5 m)",jongpradist2018,jongpradist2018,Thailand,other:PC+RHA,OPC,160.0,35.0,14.3,38.7538,28.0,119.0,41.0,78.0,841.2,UCS,vector,1,
Bangkok clay,"Bangkok clay (KMUTT, 4-5 m)",jongpradist2018,jongpradist2018,Thailand,other:PC+RHA,OPC,160.0,45.0,33.3,56.2387,28.0,119.0,41.0,78.0,1615.5,UCS,vector,1,
Bangkok clay,"Bangkok clay (KMUTT, 4-5 m)",jongpradist2018,jongpradist2018,Thailand,other:PC+RHA,OPC,160.0,55.0,45.5,73.7687,28.0,119.0,41.0,78.0,2429.8,UCS,vector,1,
Bangkok clay,"Bangkok clay (KMUTT, 4-5 m)",jongpradist2018,jongpradist2018,Thailand,OPC,OPC,165.0,35.0,0.0,35.0,28.0,119.0,41.0,78.0,889.5,UCS,vector,1,
Bangkok clay,"Bangkok clay (KMUTT, 4-5 m)",jongpradist2018,jongpradist2018,Thailand,OPC,OPC,170.0,40.0,0.0,40.0,28.0,119.0,41.0,78.0,975.3,UCS,vector,1,
Bangkok clay,"Bangkok clay (KMUTT, 4-5 m)",jongpradist2018,jongpradist2018,Thailand,OPC,OPC,175.0,45.0,0.0,45.0,28.0,119.0,41.0,78.0,1008.3,UCS,vector,1,
Bangkok clay,"Bangkok clay (KMUTT, 4-5 m)",jongpradist2018,jongpradist2018,Thailand,OPC,OPC,185.0,55.0,0.0,55.0,28.0,119.0,41.0,78.0,1138.9,UCS,vector,1,
Bangkok clay,"Bangkok clay (KMUTT, 4-5 m)",jongpradist2018,jongpradist2018,Thailand,OPC,OPC,165.0,5.0,0.0,5.0,28.0,119.0,41.0,78.0,34.9,UCS,vector,1,
Bangkok clay,"Bangkok clay (KMUTT, 4-5 m)",jongpradist2018,jongpradist2018,Thailand,OPC,OPC,170.0,10.0,0.0,10.0,28.0,119.0,41.0,78.0,158.5,UCS,vector,1,
Bangkok clay,"Bangkok clay (KMUTT, 4-5 m)",jongpradist2018,jongpradist2018,Thailand,other:PC+RHA,OPC,170.0,15.0,33.3,18.7462,28.0,119.0,41.0,78.0,254.2,UCS,vector,1,
Bangkok clay,"Bangkok clay (KMUTT, 4-5 m)",jongpradist2018,jongpradist2018,Thailand,other:PC+RHA,OPC,170.0,25.0,60.0,36.25,28.0,119.0,41.0,78.0,427.8,UCS,vector,1,
Bangkok clay,"Bangkok clay (KMUTT, 4-5 m)",jongpradist2018,jongpradist2018,Thailand,other:PC+RHA,OPC,170.0,35.0,71.4,53.7425,28.0,119.0,41.0,78.0,549.2,UCS,vector,1,
Bangkok clay,"Bangkok clay (KMUTT, 4-5 m)",jongpradist2018,jongpradist2018,Thailand,other:PC+RHA,OPC,170.0,45.0,77.8,71.2575,28.0,119.0,41.0,78.0,549.2,UCS,vector,1,
Bangkok clay,"Bangkok clay (KMUTT, 4-5 m)",jongpradist2018,jongpradist2018,Thailand,OPC,OPC,180.0,20.0,0.0,20.0,28.0,119.0,41.0,78.0,309.7,UCS,vector,1,
Bangkok clay,"Bangkok clay (KMUTT, 4-5 m)",jongpradist2018,jongpradist2018,Thailand,other:PC+RHA,OPC,180.0,25.0,20.0,28.75,28.0,119.0,41.0,78.0,353.8,UCS,vector,1,
Bangkok clay,"Bangkok clay (KMUTT, 4-5 m)",jongpradist2018,jongpradist2018,Thailand,other:PC+RHA,OPC,180.0,35.0,42.9,46.2612,28.0,119.0,41.0,78.0,740.9,UCS,vector,1,
Bangkok clay,"Bangkok clay (KMUTT, 4-5 m)",jongpradist2018,jongpradist2018,Thailand,other:PC+RHA,OPC,180.0,45.0,55.6,63.765,28.0,119.0,41.0,78.0,1000.8,UCS,vector,1,
Bangkok clay,"Bangkok clay (KMUTT, 4-5 m)",jongpradist2018,jongpradist2018,Thailand,other:PC+RHA,OPC,180.0,55.0,63.6,81.235,28.0,119.0,41.0,78.0,1455.1,UCS,vector,1,
Bangkok clay,"Bangkok clay (KMUTT, 4-5 m)",jongpradist2018,jongpradist2018,Thailand,OPC,OPC,190.0,30.0,0.0,30.0,28.0,119.0,41.0,78.0,447.6,UCS,vector,1,
Bangkok clay,"Bangkok clay (KMUTT, 4-5 m)",jongpradist2018,jongpradist2018,Thailand,other:PC+RHA,OPC,190.0,35.0,14.3,38.7538,28.0,119.0,41.0,78.0,519.7,UCS,vector,1,
Bangkok clay,"Bangkok clay (KMUTT, 4-5 m)",jongpradist2018,jongpradist2018,Thailand,other:PC+RHA,OPC,190.0,45.0,33.3,56.2387,28.0,119.0,41.0,78.0,900.5,UCS,vector,1,
Bangkok clay,"Bangkok clay (KMUTT, 4-5 m)",jongpradist2018,jongpradist2018,Thailand,other:PC+RHA,OPC,190.0,55.0,45.5,73.7687,28.0,119.0,41.0,78.0,1589.9,UCS,vector,1,
Bangkok clay,"Bangkok clay (KMUTT, 4-5 m)",jongpradist2018,jongpradist2018,Thailand,OPC,OPC,195.0,35.0,0.0,35.0,28.0,119.0,41.0,78.0,460.0,UCS,vector,1,
Bangkok clay,"Bangkok clay (KMUTT, 4-5 m)",jongpradist2018,jongpradist2018,Thailand,OPC,OPC,200.0,40.0,0.0,40.0,28.0,119.0,41.0,78.0,490.3,UCS,vector,1,
Bangkok clay,"Bangkok clay (KMUTT, 4-5 m)",jongpradist2018,jongpradist2018,Thailand,OPC,OPC,205.0,45.0,0.0,45.0,28.0,119.0,41.0,78.0,587.9,UCS,vector,1,
Bangkok clay,"Bangkok clay (KMUTT, 4-5 m)",jongpradist2018,jongpradist2018,Thailand,OPC,OPC,215.0,55.0,0.0,55.0,28.0,119.0,41.0,78.0,677.3,UCS,vector,1,
Bangkok clay,"Bangkok clay (KMUTT, 4-5 m)",jongpradist2018,jongpradist2018,Thailand,OPC,OPC,205.0,5.0,0.0,5.0,28.0,119.0,41.0,78.0,16.9,UCS,vector,1,
Bangkok clay,"Bangkok clay (KMUTT, 4-5 m)",jongpradist2018,jongpradist2018,Thailand,OPC,OPC,210.0,10.0,0.0,10.0,28.0,119.0,41.0,78.0,74.9,UCS,vector,1,
Bangkok clay,"Bangkok clay (KMUTT, 4-5 m)",jongpradist2018,jongpradist2018,Thailand,other:PC+RHA,OPC,210.0,15.0,33.3,18.7462,28.0,119.0,41.0,78.0,116.1,UCS,vector,1,
Bangkok clay,"Bangkok clay (KMUTT, 4-5 m)",jongpradist2018,jongpradist2018,Thailand,other:PC+RHA,OPC,210.0,25.0,60.0,36.25,28.0,119.0,41.0,78.0,230.6,UCS,vector,1,
Bangkok clay,"Bangkok clay (KMUTT, 4-5 m)",jongpradist2018,jongpradist2018,Thailand,other:PC+RHA,OPC,210.0,35.0,71.4,53.7425,28.0,119.0,41.0,78.0,307.9,UCS,vector,1,
Bangkok clay,"Bangkok clay (KMUTT, 4-5 m)",jongpradist2018,jongpradist2018,Thailand,other:PC+RHA,OPC,210.0,45.0,77.8,71.2575,28.0,119.0,41.0,78.0,311.9,UCS,vector,1,
Bangkok clay,"Bangkok clay (KMUTT, 4-5 m)",jongpradist2018,jongpradist2018,Thailand,OPC,OPC,215.0,15.0,0.0,15.0,28.0,119.0,41.0,78.0,104.8,UCS,vector,1,
Bangkok clay,"Bangkok clay (KMUTT, 4-5 m)",jongpradist2018,jongpradist2018,Thailand,OPC,OPC,220.0,20.0,0.0,20.0,28.0,119.0,41.0,78.0,160.0,UCS,vector,1,
Bangkok clay,"Bangkok clay (KMUTT, 4-5 m)",jongpradist2018,jongpradist2018,Thailand,other:PC+RHA,OPC,220.0,25.0,20.0,28.75,28.0,119.0,41.0,78.0,203.9,UCS,vector,1,
Bangkok clay,"Bangkok clay (KMUTT, 4-5 m)",jongpradist2018,jongpradist2018,Thailand,other:PC+RHA,OPC,220.0,35.0,42.9,46.2612,28.0,119.0,41.0,78.0,398.1,UCS,vector,1,
Bangkok clay,"Bangkok clay (KMUTT, 4-5 m)",jongpradist2018,jongpradist2018,Thailand,other:PC+RHA,OPC,220.0,45.0,55.6,63.765,28.0,119.0,41.0,78.0,569.2,UCS,vector,1,
Bangkok clay,"Bangkok clay (KMUTT, 4-5 m)",jongpradist2018,jongpradist2018,Thailand,other:PC+RHA,OPC,220.0,55.0,63.6,81.235,28.0,119.0,41.0,78.0,779.9,UCS,vector,1,
Bangkok clay,"Bangkok clay (KMUTT, 4-5 m)",jongpradist2018,jongpradist2018,Thailand,OPC,OPC,225.0,25.0,0.0,25.0,28.0,119.0,41.0,78.0,214.3,UCS,vector,1,
Bangkok clay,"Bangkok clay (KMUTT, 4-5 m)",jongpradist2018,jongpradist2018,Thailand,OPC,OPC,230.0,30.0,0.0,30.0,28.0,119.0,41.0,78.0,248.5,UCS,vector,1,
Bangkok clay,"Bangkok clay (KMUTT, 4-5 m)",jongpradist2018,jongpradist2018,Thailand,other:PC+RHA,OPC,230.0,45.0,33.3,56.2387,28.0,119.0,41.0,78.0,535.7,UCS,vector,1,
Bangkok clay,"Bangkok clay (KMUTT, 4-5 m)",jongpradist2018,jongpradist2018,Thailand,other:PC+RHA,OPC,230.0,55.0,45.5,73.7687,28.0,119.0,41.0,78.0,874.3,UCS,vector,1,
Bangkok clay,"Bangkok clay (KMUTT, 4-5 m)",jongpradist2018,jongpradist2018,Thailand,OPC,OPC,235.0,35.0,0.0,35.0,28.0,119.0,41.0,78.0,289.9,UCS,vector,1,
Bangkok clay,"Bangkok clay (KMUTT, 4-5 m)",jongpradist2018,jongpradist2018,Thailand,OPC,OPC,240.0,40.0,0.0,40.0,28.0,119.0,41.0,78.0,311.9,UCS,vector,1,
Bangkok clay,"Bangkok clay (KMUTT, 4-5 m)",jongpradist2018,jongpradist2018,Thailand,OPC,OPC,245.0,45.0,0.0,45.0,28.0,119.0,41.0,78.0,366.8,UCS,vector,1,
Bangkok clay,"Bangkok clay (KMUTT, 4-5 m)",jongpradist2018,jongpradist2018,Thailand,OPC,OPC,255.0,55.0,0.0,55.0,28.0,119.0,41.0,78.0,405.8,UCS,vector,1,
Mekong delta soft sandy clay,"Mekong delta soft sandy clay (Cho Moi, An Giang)",ngoc2022,ngoc2022,Vietnam,PCC,PCC,59.34,19.84,0.0,19.84,7.0,41.3,27.7,13.6,478.6,UCS,table,1,
Mekong delta soft sandy clay,"Mekong delta soft sandy clay (Cho Moi, An Giang)",ngoc2022,ngoc2022,Vietnam,PCC,PCC,59.34,19.84,0.0,19.84,14.0,41.3,27.7,13.6,521.0,UCS,table,1,
Mekong delta soft sandy clay,"Mekong delta soft sandy clay (Cho Moi, An Giang)",ngoc2022,ngoc2022,Vietnam,PCC,PCC,59.34,19.84,0.0,19.84,28.0,41.3,27.7,13.6,589.3,UCS,table,1,
Mekong delta soft sandy clay,"Mekong delta soft sandy clay (Cho Moi, An Giang)",ngoc2022,ngoc2022,Vietnam,PCC,PCC,59.34,19.84,0.0,19.84,56.0,41.3,27.7,13.6,798.3,UCS,table,1,
Mekong delta soft sandy clay,"Mekong delta soft sandy clay (Cho Moi, An Giang)",ngoc2022,ngoc2022,Vietnam,PCC,PCC,59.34,19.84,0.0,19.84,91.0,41.3,27.7,13.6,1012.4,UCS,table,1,
Mekong delta soft sandy clay,"Mekong delta soft sandy clay (Cho Moi, An Giang)",ngoc2022,ngoc2022,Vietnam,PCC,PCC,59.34,19.84,0.0,19.84,180.0,41.3,27.7,13.6,1035.3,UCS,table,1,
Mekong delta soft clay,"Mekong delta soft clay (Cho Moi, An Giang)",ngoc2022,ngoc2022,Vietnam,PCC,PCC,73.02,22.32,0.0,22.32,7.0,49.8,30.5,19.4,405.3,UCS,table,1,
Mekong delta soft clay,"Mekong delta soft clay (Cho Moi, An Giang)",ngoc2022,ngoc2022,Vietnam,PCC,PCC,73.02,22.32,0.0,22.32,14.0,49.8,30.5,19.4,432.9,UCS,table,1,
Mekong delta soft clay,"Mekong delta soft clay (Cho Moi, An Giang)",ngoc2022,ngoc2022,Vietnam,PCC,PCC,73.02,22.32,0.0,22.32,28.0,49.8,30.5,19.4,597.7,UCS,table,1,
Mekong delta soft clay,"Mekong delta soft clay (Cho Moi, An Giang)",ngoc2022,ngoc2022,Vietnam,PCC,PCC,73.02,22.32,0.0,22.32,56.0,49.8,30.5,19.4,761.3,UCS,table,1,
Mekong delta soft clay,"Mekong delta soft clay (Cho Moi, An Giang)",ngoc2022,ngoc2022,Vietnam,PCC,PCC,73.02,22.32,0.0,22.32,91.0,49.8,30.5,19.4,885.3,UCS,table,1,
Mekong delta soft clay,"Mekong delta soft clay (Cho Moi, An Giang)",ngoc2022,ngoc2022,Vietnam,PCC,PCC,73.02,22.32,0.0,22.32,180.0,49.8,30.5,19.4,995.4,UCS,table,1,
Mekong delta clay mud,"Mekong delta clay mud (Cai Lay, Tien Giang)",ngoc2022,ngoc2022,Vietnam,PCC,PCC,93.1,26.6,0.0,26.6,7.0,62.0,34.6,27.5,214.5,UCS,table,1,
Mekong delta clay mud,"Mekong delta clay mud (Cai Lay, Tien Giang)",ngoc2022,ngoc2022,Vietnam,PCC,PCC,93.1,26.6,0.0,26.6,14.0,62.0,34.6,27.5,303.5,UCS,table,1,
Mekong delta clay mud,"Mekong delta clay mud (Cai Lay, Tien Giang)",ngoc2022,ngoc2022,Vietnam,PCC,PCC,93.1,26.6,0.0,26.6,28.0,62.0,34.6,27.5,480.7,UCS,table,1,
Mekong delta clay mud,"Mekong delta clay mud (Cai Lay, Tien Giang)",ngoc2022,ngoc2022,Vietnam,PCC,PCC,93.1,26.6,0.0,26.6,56.0,62.0,34.6,27.5,682.5,UCS,table,1,
Mekong delta clay mud,"Mekong delta clay mud (Cai Lay, Tien Giang)",ngoc2022,ngoc2022,Vietnam,PCC,PCC,93.1,26.6,0.0,26.6,91.0,62.0,34.6,27.5,745.0,UCS,table,1,
Mekong delta clay mud,"Mekong delta clay mud (Cai Lay, Tien Giang)",ngoc2022,ngoc2022,Vietnam,PCC,PCC,93.1,26.6,0.0,26.6,180.0,62.0,34.6,27.5,793.1,UCS,table,1,
Mekong delta clay mud,"Mekong delta clay mud (Vi Thanh, Hau Giang)",ngoc2022,ngoc2022,Vietnam,PCC,PCC,126.39,32.89,0.0,32.89,7.0,71.6,38.0,33.6,350.2,UCS,table,1,
Mekong delta clay mud,"Mekong delta clay mud (Vi Thanh, Hau Giang)",ngoc2022,ngoc2022,Vietnam,PCC,PCC,126.39,32.89,0.0,32.89,14.0,71.6,38.0,33.6,397.6,UCS,table,1,
Mekong delta clay mud,"Mekong delta clay mud (Vi Thanh, Hau Giang)",ngoc2022,ngoc2022,Vietnam,PCC,PCC,126.39,32.89,0.0,32.89,28.0,71.6,38.0,33.6,562.4,UCS,table,1,
Mekong delta clay mud,"Mekong delta clay mud (Vi Thanh, Hau Giang)",ngoc2022,ngoc2022,Vietnam,PCC,PCC,126.39,32.89,0.0,32.89,56.0,71.6,38.0,33.6,661.1,UCS,table,1,
Mekong delta clay mud,"Mekong delta clay mud (Vi Thanh, Hau Giang)",ngoc2022,ngoc2022,Vietnam,PCC,PCC,126.39,32.89,0.0,32.89,91.0,71.6,38.0,33.6,721.0,UCS,table,1,
Mekong delta clay mud,"Mekong delta clay mud (Vi Thanh, Hau Giang)",ngoc2022,ngoc2022,Vietnam,PCC,PCC,126.39,32.89,0.0,32.89,180.0,71.6,38.0,33.6,784.0,UCS,table,1,
Mekong delta clay mud,"Mekong delta clay mud (Dong Hai, Bac Lieu)",ngoc2022,ngoc2022,Vietnam,PCC,PCC,83.11,24.51,0.0,24.51,7.0,57.1,33.3,23.8,253.8,UCS,table,1,
Mekong delta clay mud,"Mekong delta clay mud (Dong Hai, Bac Lieu)",ngoc2022,ngoc2022,Vietnam,PCC,PCC,83.11,24.51,0.0,24.51,14.0,57.1,33.3,23.8,406.3,UCS,table,1,
Mekong delta clay mud,"Mekong delta clay mud (Dong Hai, Bac Lieu)",ngoc2022,ngoc2022,Vietnam,PCC,PCC,83.11,24.51,0.0,24.51,28.0,57.1,33.3,23.8,445.8,UCS,table,1,
Mekong delta clay mud,"Mekong delta clay mud (Dong Hai, Bac Lieu)",ngoc2022,ngoc2022,Vietnam,PCC,PCC,83.11,24.51,0.0,24.51,56.0,57.1,33.3,23.8,597.4,UCS,table,1,
Mekong delta clay mud,"Mekong delta clay mud (Dong Hai, Bac Lieu)",ngoc2022,ngoc2022,Vietnam,PCC,PCC,83.11,24.51,0.0,24.51,91.0,57.1,33.3,23.8,765.4,UCS,table,1,
Mekong delta clay mud,"Mekong delta clay mud (Dong Hai, Bac Lieu)",ngoc2022,ngoc2022,Vietnam,PCC,PCC,83.11,24.51,0.0,24.51,180.0,57.1,33.3,23.8,868.9,UCS,table,1,
Mekong delta clay mud,"Mekong delta clay mud (Cai Nuoc, Ca Mau)",ngoc2022,ngoc2022,Vietnam,PCC,PCC,105.34,28.74,0.0,28.74,7.0,69.6,38.0,31.7,212.0,UCS,table,1,
Mekong delta clay mud,"Mekong delta clay mud (Cai Nuoc, Ca Mau)",ngoc2022,ngoc2022,Vietnam,PCC,PCC,105.34,28.74,0.0,28.74,14.0,69.6,38.0,31.7,392.5,UCS,table,1,
Mekong delta clay mud,"Mekong delta clay mud (Cai Nuoc, Ca Mau)",ngoc2022,ngoc2022,Vietnam,PCC,PCC,105.34,28.74,0.0,28.74,28.0,69.6,38.0,31.7,415.2,UCS,table,1,
Mekong delta clay mud,"Mekong delta clay mud (Cai Nuoc, Ca Mau)",ngoc2022,ngoc2022,Vietnam,PCC,PCC,105.34,28.74,0.0,28.74,56.0,69.6,38.0,31.7,575.0,UCS,table,1,
Mekong delta clay mud,"Mekong delta clay mud (Cai Nuoc, Ca Mau)",ngoc2022,ngoc2022,Vietnam,PCC,PCC,105.34,28.74,0.0,28.74,91.0,69.6,38.0,31.7,624.8,UCS,table,1,
Mekong delta clay mud,"Mekong delta clay mud (Cai Nuoc, Ca Mau)",ngoc2022,ngoc2022,Vietnam,PCC,PCC,105.34,28.74,0.0,28.74,180.0,69.6,38.0,31.7,791.6,UCS,table,1,
Mekong delta soft sandy clay,"Mekong delta soft sandy clay (Cho Moi, An Giang)",ngoc2022,ngoc2022,Vietnam,PCC,PCC,63.31,23.81,0.0,23.81,7.0,41.3,27.7,13.6,518.8,UCS,table,1,
Mekong delta soft sandy clay,"Mekong delta soft sandy clay (Cho Moi, An Giang)",ngoc2022,ngoc2022,Vietnam,PCC,PCC,63.31,23.81,0.0,23.81,14.0,41.3,27.7,13.6,611.1,UCS,table,1,
Mekong delta soft sandy clay,"Mekong delta soft sandy clay (Cho Moi, An Giang)",ngoc2022,ngoc2022,Vietnam,PCC,PCC,63.31,23.81,0.0,23.81,28.0,41.3,27.7,13.6,789.8,UCS,table,1,
Mekong delta soft sandy clay,"Mekong delta soft sandy clay (Cho Moi, An Giang)",ngoc2022,ngoc2022,Vietnam,PCC,PCC,63.31,23.81,0.0,23.81,56.0,41.3,27.7,13.6,881.5,UCS,table,1,
Mekong delta soft sandy clay,"Mekong delta soft sandy clay (Cho Moi, An Giang)",ngoc2022,ngoc2022,Vietnam,PCC,PCC,63.31,23.81,0.0,23.81,91.0,41.3,27.7,13.6,1123.8,UCS,table,1,
Mekong delta soft sandy clay,"Mekong delta soft sandy clay (Cho Moi, An Giang)",ngoc2022,ngoc2022,Vietnam,PCC,PCC,63.31,23.81,0.0,23.81,180.0,41.3,27.7,13.6,1204.3,UCS,table,1,
Mekong delta soft clay,"Mekong delta soft clay (Cho Moi, An Giang)",ngoc2022,ngoc2022,Vietnam,PCC,PCC,77.49,26.79,0.0,26.79,7.0,49.8,30.5,19.4,415.3,UCS,table,1,
Mekong delta soft clay,"Mekong delta soft clay (Cho Moi, An Giang)",ngoc2022,ngoc2022,Vietnam,PCC,PCC,77.49,26.79,0.0,26.79,14.0,49.8,30.5,19.4,552.2,UCS,table,1,
Mekong delta soft clay,"Mekong delta soft clay (Cho Moi, An Giang)",ngoc2022,ngoc2022,Vietnam,PCC,PCC,77.49,26.79,0.0,26.79,28.0,49.8,30.5,19.4,776.6,UCS,table,1,
Mekong delta soft clay,"Mekong delta soft clay (Cho Moi, An Giang)",ngoc2022,ngoc2022,Vietnam,PCC,PCC,77.49,26.79,0.0,26.79,56.0,49.8,30.5,19.4,921.6,UCS,table,1,
Mekong delta soft clay,"Mekong delta soft clay (Cho Moi, An Giang)",ngoc2022,ngoc2022,Vietnam,PCC,PCC,77.49,26.79,0.0,26.79,91.0,49.8,30.5,19.4,1000.3,UCS,table,1,
Mekong delta soft clay,"Mekong delta soft clay (Cho Moi, An Giang)",ngoc2022,ngoc2022,Vietnam,PCC,PCC,77.49,26.79,0.0,26.79,180.0,49.8,30.5,19.4,1108.7,UCS,table,1,
Mekong delta clay mud,"Mekong delta clay mud (Cai Lay, Tien Giang)",ngoc2022,ngoc2022,Vietnam,PCC,PCC,98.41,31.91,0.0,31.91,7.0,62.0,34.6,27.5,230.1,UCS,table,1,
Mekong delta clay mud,"Mekong delta clay mud (Cai Lay, Tien Giang)",ngoc2022,ngoc2022,Vietnam,PCC,PCC,98.41,31.91,0.0,31.91,14.0,62.0,34.6,27.5,407.4,UCS,table,1,
Mekong delta clay mud,"Mekong delta clay mud (Cai Lay, Tien Giang)",ngoc2022,ngoc2022,Vietnam,PCC,PCC,98.41,31.91,0.0,31.91,28.0,62.0,34.6,27.5,528.7,UCS,table,1,
Mekong delta clay mud,"Mekong delta clay mud (Cai Lay, Tien Giang)",ngoc2022,ngoc2022,Vietnam,PCC,PCC,98.41,31.91,0.0,31.91,56.0,62.0,34.6,27.5,700.7,UCS,table,1,
Mekong delta clay mud,"Mekong delta clay mud (Cai Lay, Tien Giang)",ngoc2022,ngoc2022,Vietnam,PCC,PCC,98.41,31.91,0.0,31.91,91.0,62.0,34.6,27.5,926.3,UCS,table,1,
Mekong delta clay mud,"Mekong delta clay mud (Cai Lay, Tien Giang)",ngoc2022,ngoc2022,Vietnam,PCC,PCC,98.41,31.91,0.0,31.91,180.0,62.0,34.6,27.5,1023.8,UCS,table,1,
Mekong delta clay mud,"Mekong delta clay mud (Vi Thanh, Hau Giang)",ngoc2022,ngoc2022,Vietnam,PCC,PCC,132.97,39.47,0.0,39.47,7.0,71.6,38.0,33.6,359.5,UCS,table,1,
Mekong delta clay mud,"Mekong delta clay mud (Vi Thanh, Hau Giang)",ngoc2022,ngoc2022,Vietnam,PCC,PCC,132.97,39.47,0.0,39.47,14.0,71.6,38.0,33.6,412.4,UCS,table,1,
Mekong delta clay mud,"Mekong delta clay mud (Vi Thanh, Hau Giang)",ngoc2022,ngoc2022,Vietnam,PCC,PCC,132.97,39.47,0.0,39.47,28.0,71.6,38.0,33.6,636.1,UCS,table,1,
Mekong delta clay mud,"Mekong delta clay mud (Vi Thanh, Hau Giang)",ngoc2022,ngoc2022,Vietnam,PCC,PCC,132.97,39.47,0.0,39.47,56.0,71.6,38.0,33.6,692.8,UCS,table,1,
Mekong delta clay mud,"Mekong delta clay mud (Vi Thanh, Hau Giang)",ngoc2022,ngoc2022,Vietnam,PCC,PCC,132.97,39.47,0.0,39.47,91.0,71.6,38.0,33.6,747.4,UCS,table,1,
Mekong delta clay mud,"Mekong delta clay mud (Vi Thanh, Hau Giang)",ngoc2022,ngoc2022,Vietnam,PCC,PCC,132.97,39.47,0.0,39.47,180.0,71.6,38.0,33.6,809.0,UCS,table,1,
Mekong delta clay mud,"Mekong delta clay mud (Dong Hai, Bac Lieu)",ngoc2022,ngoc2022,Vietnam,PCC,PCC,88.01,29.41,0.0,29.41,7.0,57.1,33.3,23.8,333.3,UCS,table,1,
Mekong delta clay mud,"Mekong delta clay mud (Dong Hai, Bac Lieu)",ngoc2022,ngoc2022,Vietnam,PCC,PCC,88.01,29.41,0.0,29.41,14.0,57.1,33.3,23.8,444.0,UCS,table,1,
Mekong delta clay mud,"Mekong delta clay mud (Dong Hai, Bac Lieu)",ngoc2022,ngoc2022,Vietnam,PCC,PCC,88.01,29.41,0.0,29.41,28.0,57.1,33.3,23.8,562.6,UCS,table,1,
Mekong delta clay mud,"Mekong delta clay mud (Dong Hai, Bac Lieu)",ngoc2022,ngoc2022,Vietnam,PCC,PCC,88.01,29.41,0.0,29.41,56.0,57.1,33.3,23.8,684.1,UCS,table,1,
Mekong delta clay mud,"Mekong delta clay mud (Dong Hai, Bac Lieu)",ngoc2022,ngoc2022,Vietnam,PCC,PCC,88.01,29.41,0.0,29.41,91.0,57.1,33.3,23.8,841.3,UCS,table,1,
Mekong delta clay mud,"Mekong delta clay mud (Dong Hai, Bac Lieu)",ngoc2022,ngoc2022,Vietnam,PCC,PCC,88.01,29.41,0.0,29.41,180.0,57.1,33.3,23.8,944.3,UCS,table,1,
Mekong delta clay mud,"Mekong delta clay mud (Cai Nuoc, Ca Mau)",ngoc2022,ngoc2022,Vietnam,PCC,PCC,111.08,34.48,0.0,34.48,7.0,69.6,38.0,31.7,323.4,UCS,table,1,
Mekong delta clay mud,"Mekong delta clay mud (Cai Nuoc, Ca Mau)",ngoc2022,ngoc2022,Vietnam,PCC,PCC,111.08,34.48,0.0,34.48,14.0,69.6,38.0,31.7,409.9,UCS,table,1,
Mekong delta clay mud,"Mekong delta clay mud (Cai Nuoc, Ca Mau)",ngoc2022,ngoc2022,Vietnam,PCC,PCC,111.08,34.48,0.0,34.48,28.0,69.6,38.0,31.7,447.4,UCS,table,1,
Mekong delta clay mud,"Mekong delta clay mud (Cai Nuoc, Ca Mau)",ngoc2022,ngoc2022,Vietnam,PCC,PCC,111.08,34.48,0.0,34.48,56.0,69.6,38.0,31.7,601.8,UCS,table,1,
Mekong delta clay mud,"Mekong delta clay mud (Cai Nuoc, Ca Mau)",ngoc2022,ngoc2022,Vietnam,PCC,PCC,111.08,34.48,0.0,34.48,91.0,69.6,38.0,31.7,721.4,UCS,table,1,
Mekong delta clay mud,"Mekong delta clay mud (Cai Nuoc, Ca Mau)",ngoc2022,ngoc2022,Vietnam,PCC,PCC,111.08,34.48,0.0,34.48,180.0,69.6,38.0,31.7,810.1,UCS,table,1,
Mekong delta soft sandy clay,"Mekong delta soft sandy clay (Cho Moi, An Giang)",ngoc2022,ngoc2022,Vietnam,PCC,PCC,67.28,27.78,0.0,27.78,7.0,41.3,27.7,13.6,581.5,UCS,table,1,
Mekong delta soft sandy clay,"Mekong delta soft sandy clay (Cho Moi, An Giang)",ngoc2022,ngoc2022,Vietnam,PCC,PCC,67.28,27.78,0.0,27.78,14.0,41.3,27.7,13.6,815.0,UCS,table,1,
Mekong delta soft sandy clay,"Mekong delta soft sandy clay (Cho Moi, An Giang)",ngoc2022,ngoc2022,Vietnam,PCC,PCC,67.28,27.78,0.0,27.78,28.0,41.3,27.7,13.6,940.2,UCS,table,1,
Mekong delta soft sandy clay,"Mekong delta soft sandy clay (Cho Moi, An Giang)",ngoc2022,ngoc2022,Vietnam,PCC,PCC,67.28,27.78,0.0,27.78,56.0,41.3,27.7,13.6,1180.3,UCS,table,1,
Mekong delta soft sandy clay,"Mekong delta soft sandy clay (Cho Moi, An Giang)",ngoc2022,ngoc2022,Vietnam,PCC,PCC,67.28,27.78,0.0,27.78,91.0,41.3,27.7,13.6,1282.2,UCS,table,1,
Mekong delta soft sandy clay,"Mekong delta soft sandy clay (Cho Moi, An Giang)",ngoc2022,ngoc2022,Vietnam,PCC,PCC,67.28,27.78,0.0,27.78,180.0,41.3,27.7,13.6,1547.7,UCS,table,1,
Mekong delta soft clay,"Mekong delta soft clay (Cho Moi, An Giang)",ngoc2022,ngoc2022,Vietnam,PCC,PCC,81.95,31.25,0.0,31.25,7.0,49.8,30.5,19.4,429.5,UCS,table,1,
Mekong delta soft clay,"Mekong delta soft clay (Cho Moi, An Giang)",ngoc2022,ngoc2022,Vietnam,PCC,PCC,81.95,31.25,0.0,31.25,14.0,49.8,30.5,19.4,616.1,UCS,table,1,
Mekong delta soft clay,"Mekong delta soft clay (Cho Moi, An Giang)",ngoc2022,ngoc2022,Vietnam,PCC,PCC,81.95,31.25,0.0,31.25,28.0,49.8,30.5,19.4,829.3,UCS,table,1,
Mekong delta soft clay,"Mekong delta soft clay (Cho Moi, An Giang)",ngoc2022,ngoc2022,Vietnam,PCC,PCC,81.95,31.25,0.0,31.25,56.0,49.8,30.5,19.4,1053.4,UCS,table,1,
Mekong delta soft clay,"Mekong delta soft clay (Cho Moi, An Giang)",ngoc2022,ngoc2022,Vietnam,PCC,PCC,81.95,31.25,0.0,31.25,91.0,49.8,30.5,19.4,1202.0,UCS,table,1,
Mekong delta soft clay,"Mekong delta soft clay (Cho Moi, An Giang)",ngoc2022,ngoc2022,Vietnam,PCC,PCC,81.95,31.25,0.0,31.25,180.0,49.8,30.5,19.4,1245.4,UCS,table,1,
Mekong delta clay mud,"Mekong delta clay mud (Cai Lay, Tien Giang)",ngoc2022,ngoc2022,Vietnam,PCC,PCC,103.73,37.23,0.0,37.23,7.0,62.0,34.6,27.5,367.2,UCS,table,1,
Mekong delta clay mud,"Mekong delta clay mud (Cai Lay, Tien Giang)",ngoc2022,ngoc2022,Vietnam,PCC,PCC,103.73,37.23,0.0,37.23,14.0,62.0,34.6,27.5,668.4,UCS,table,1,
Mekong delta clay mud,"Mekong delta clay mud (Cai Lay, Tien Giang)",ngoc2022,ngoc2022,Vietnam,PCC,PCC,103.73,37.23,0.0,37.23,28.0,62.0,34.6,27.5,770.1,UCS,table,1,
Mekong delta clay mud,"Mekong delta clay mud (Cai Lay, Tien Giang)",ngoc2022,ngoc2022,Vietnam,PCC,PCC,103.73,37.23,0.0,37.23,56.0,62.0,34.6,27.5,815.9,UCS,table,1,
Mekong delta clay mud,"Mekong delta clay mud (Cai Lay, Tien Giang)",ngoc2022,ngoc2022,Vietnam,PCC,PCC,103.73,37.23,0.0,37.23,91.0,62.0,34.6,27.5,1000.3,UCS,table,1,
Mekong delta clay mud,"Mekong delta clay mud (Cai Lay, Tien Giang)",ngoc2022,ngoc2022,Vietnam,PCC,PCC,103.73,37.23,0.0,37.23,180.0,62.0,34.6,27.5,1071.5,UCS,table,1,
Mekong delta clay mud,"Mekong delta clay mud (Vi Thanh, Hau Giang)",ngoc2022,ngoc2022,Vietnam,PCC,PCC,139.55,46.05,0.0,46.05,7.0,71.6,38.0,33.6,361.6,UCS,table,1,
Mekong delta clay mud,"Mekong delta clay mud (Vi Thanh, Hau Giang)",ngoc2022,ngoc2022,Vietnam,PCC,PCC,139.55,46.05,0.0,46.05,14.0,71.6,38.0,33.6,493.7,UCS,table,1,
Mekong delta clay mud,"Mekong delta clay mud (Vi Thanh, Hau Giang)",ngoc2022,ngoc2022,Vietnam,PCC,PCC,139.55,46.05,0.0,46.05,28.0,71.6,38.0,33.6,685.5,UCS,table,1,
Mekong delta clay mud,"Mekong delta clay mud (Vi Thanh, Hau Giang)",ngoc2022,ngoc2022,Vietnam,PCC,PCC,139.55,46.05,0.0,46.05,56.0,71.6,38.0,33.6,776.5,UCS,table,1,
Mekong delta clay mud,"Mekong delta clay mud (Vi Thanh, Hau Giang)",ngoc2022,ngoc2022,Vietnam,PCC,PCC,139.55,46.05,0.0,46.05,91.0,71.6,38.0,33.6,789.7,UCS,table,1,
Mekong delta clay mud,"Mekong delta clay mud (Vi Thanh, Hau Giang)",ngoc2022,ngoc2022,Vietnam,PCC,PCC,139.55,46.05,0.0,46.05,180.0,71.6,38.0,33.6,924.0,UCS,table,1,
Mekong delta clay mud,"Mekong delta clay mud (Dong Hai, Bac Lieu)",ngoc2022,ngoc2022,Vietnam,PCC,PCC,92.91,34.31,0.0,34.31,7.0,57.1,33.3,23.8,342.5,UCS,table,1,
Mekong delta clay mud,"Mekong delta clay mud (Dong Hai, Bac Lieu)",ngoc2022,ngoc2022,Vietnam,PCC,PCC,92.91,34.31,0.0,34.31,14.0,57.1,33.3,23.8,504.7,UCS,table,1,
Mekong delta clay mud,"Mekong delta clay mud (Dong Hai, Bac Lieu)",ngoc2022,ngoc2022,Vietnam,PCC,PCC,92.91,34.31,0.0,34.31,28.0,57.1,33.3,23.8,666.3,UCS,table,1,
Mekong delta clay mud,"Mekong delta clay mud (Dong Hai, Bac Lieu)",ngoc2022,ngoc2022,Vietnam,PCC,PCC,92.91,34.31,0.0,34.31,56.0,57.1,33.3,23.8,866.9,UCS,table,1,
Mekong delta clay mud,"Mekong delta clay mud (Dong Hai, Bac Lieu)",ngoc2022,ngoc2022,Vietnam,PCC,PCC,92.91,34.31,0.0,34.31,91.0,57.1,33.3,23.8,1009.4,UCS,table,1,
Mekong delta clay mud,"Mekong delta clay mud (Dong Hai, Bac Lieu)",ngoc2022,ngoc2022,Vietnam,PCC,PCC,92.91,34.31,0.0,34.31,180.0,57.1,33.3,23.8,1078.7,UCS,table,1,
Mekong delta clay mud,"Mekong delta clay mud (Cai Nuoc, Ca Mau)",ngoc2022,ngoc2022,Vietnam,PCC,PCC,116.83,40.23,0.0,40.23,7.0,69.6,38.0,31.7,395.2,UCS,table,1,
Mekong delta clay mud,"Mekong delta clay mud (Cai Nuoc, Ca Mau)",ngoc2022,ngoc2022,Vietnam,PCC,PCC,116.83,40.23,0.0,40.23,14.0,69.6,38.0,31.7,446.1,UCS,table,1,
Mekong delta clay mud,"Mekong delta clay mud (Cai Nuoc, Ca Mau)",ngoc2022,ngoc2022,Vietnam,PCC,PCC,116.83,40.23,0.0,40.23,28.0,69.6,38.0,31.7,512.9,UCS,table,1,
Mekong delta clay mud,"Mekong delta clay mud (Cai Nuoc, Ca Mau)",ngoc2022,ngoc2022,Vietnam,PCC,PCC,116.83,40.23,0.0,40.23,56.0,69.6,38.0,31.7,745.4,UCS,table,1,
Mekong delta clay mud,"Mekong delta clay mud (Cai Nuoc, Ca Mau)",ngoc2022,ngoc2022,Vietnam,PCC,PCC,116.83,40.23,0.0,40.23,91.0,69.6,38.0,31.7,828.5,UCS,table,1,
Mekong delta clay mud,"Mekong delta clay mud (Cai Nuoc, Ca Mau)",ngoc2022,ngoc2022,Vietnam,PCC,PCC,116.83,40.23,0.0,40.23,180.0,69.6,38.0,31.7,966.7,UCS,table,1,
Mekong delta soft sandy clay,"Mekong delta soft sandy clay (Cho Moi, An Giang)",ngoc2022,ngoc2022,Vietnam,PCC,PCC,71.25,31.75,0.0,31.75,7.0,41.3,27.7,13.6,726.7,UCS,table,1,
Mekong delta soft sandy clay,"Mekong delta soft sandy clay (Cho Moi, An Giang)",ngoc2022,ngoc2022,Vietnam,PCC,PCC,71.25,31.75,0.0,31.75,14.0,41.3,27.7,13.6,1060.9,UCS,table,1,
Mekong delta soft sandy clay,"Mekong delta soft sandy clay (Cho Moi, An Giang)",ngoc2022,ngoc2022,Vietnam,PCC,PCC,71.25,31.75,0.0,31.75,28.0,41.3,27.7,13.6,1115.4,UCS,table,1,
Mekong delta soft sandy clay,"Mekong delta soft sandy clay (Cho Moi, An Giang)",ngoc2022,ngoc2022,Vietnam,PCC,PCC,71.25,31.75,0.0,31.75,56.0,41.3,27.7,13.6,1512.0,UCS,table,1,
Mekong delta soft sandy clay,"Mekong delta soft sandy clay (Cho Moi, An Giang)",ngoc2022,ngoc2022,Vietnam,PCC,PCC,71.25,31.75,0.0,31.75,91.0,41.3,27.7,13.6,1569.0,UCS,table,1,
Mekong delta soft sandy clay,"Mekong delta soft sandy clay (Cho Moi, An Giang)",ngoc2022,ngoc2022,Vietnam,PCC,PCC,71.25,31.75,0.0,31.75,180.0,41.3,27.7,13.6,1808.0,UCS,table,1,
Mekong delta soft clay,"Mekong delta soft clay (Cho Moi, An Giang)",ngoc2022,ngoc2022,Vietnam,PCC,PCC,86.41,35.71,0.0,35.71,7.0,49.8,30.5,19.4,607.0,UCS,table,1,
Mekong delta soft clay,"Mekong delta soft clay (Cho Moi, An Giang)",ngoc2022,ngoc2022,Vietnam,PCC,PCC,86.41,35.71,0.0,35.71,14.0,49.8,30.5,19.4,691.1,UCS,table,1,
Mekong delta soft clay,"Mekong delta soft clay (Cho Moi, An Giang)",ngoc2022,ngoc2022,Vietnam,PCC,PCC,86.41,35.71,0.0,35.71,28.0,49.8,30.5,19.4,851.2,UCS,table,1,
Mekong delta soft clay,"Mekong delta soft clay (Cho Moi, An Giang)",ngoc2022,ngoc2022,Vietnam,PCC,PCC,86.41,35.71,0.0,35.71,56.0,49.8,30.5,19.4,1204.3,UCS,table,1,
Mekong delta soft clay,"Mekong delta soft clay (Cho Moi, An Giang)",ngoc2022,ngoc2022,Vietnam,PCC,PCC,86.41,35.71,0.0,35.71,91.0,49.8,30.5,19.4,1277.2,UCS,table,1,
Mekong delta soft clay,"Mekong delta soft clay (Cho Moi, An Giang)",ngoc2022,ngoc2022,Vietnam,PCC,PCC,86.41,35.71,0.0,35.71,180.0,49.8,30.5,19.4,1582.0,UCS,table,1,
Mekong delta clay mud,"Mekong delta clay mud (Cai Lay, Tien Giang)",ngoc2022,ngoc2022,Vietnam,PCC,PCC,109.05,42.55,0.0,42.55,7.0,62.0,34.6,27.5,414.5,UCS,table,1,
Mekong delta clay mud,"Mekong delta clay mud (Cai Lay, Tien Giang)",ngoc2022,ngoc2022,Vietnam,PCC,PCC,109.05,42.55,0.0,42.55,14.0,62.0,34.6,27.5,778.1,UCS,table,1,
Mekong delta clay mud,"Mekong delta clay mud (Cai Lay, Tien Giang)",ngoc2022,ngoc2022,Vietnam,PCC,PCC,109.05,42.55,0.0,42.55,28.0,62.0,34.6,27.5,934.7,UCS,table,1,
Mekong delta clay mud,"Mekong delta clay mud (Cai Lay, Tien Giang)",ngoc2022,ngoc2022,Vietnam,PCC,PCC,109.05,42.55,0.0,42.55,56.0,62.0,34.6,27.5,958.1,UCS,table,1,
Mekong delta clay mud,"Mekong delta clay mud (Cai Lay, Tien Giang)",ngoc2022,ngoc2022,Vietnam,PCC,PCC,109.05,42.55,0.0,42.55,91.0,62.0,34.6,27.5,1045.0,UCS,table,1,
Mekong delta clay mud,"Mekong delta clay mud (Cai Lay, Tien Giang)",ngoc2022,ngoc2022,Vietnam,PCC,PCC,109.05,42.55,0.0,42.55,180.0,62.0,34.6,27.5,1095.9,UCS,table,1,
Mekong delta clay mud,"Mekong delta clay mud (Vi Thanh, Hau Giang)",ngoc2022,ngoc2022,Vietnam,PCC,PCC,146.13,52.63,0.0,52.63,7.0,71.6,38.0,33.6,415.9,UCS,table,1,
Mekong delta clay mud,"Mekong delta clay mud (Vi Thanh, Hau Giang)",ngoc2022,ngoc2022,Vietnam,PCC,PCC,146.13,52.63,0.0,52.63,14.0,71.6,38.0,33.6,542.6,UCS,table,1,
Mekong delta clay mud,"Mekong delta clay mud (Vi Thanh, Hau Giang)",ngoc2022,ngoc2022,Vietnam,PCC,PCC,146.13,52.63,0.0,52.63,28.0,71.6,38.0,33.6,836.4,UCS,table,1,
Mekong delta clay mud,"Mekong delta clay mud (Vi Thanh, Hau Giang)",ngoc2022,ngoc2022,Vietnam,PCC,PCC,146.13,52.63,0.0,52.63,56.0,71.6,38.0,33.6,849.0,UCS,table,1,
Mekong delta clay mud,"Mekong delta clay mud (Vi Thanh, Hau Giang)",ngoc2022,ngoc2022,Vietnam,PCC,PCC,146.13,52.63,0.0,52.63,91.0,71.6,38.0,33.6,872.4,UCS,table,1,
Mekong delta clay mud,"Mekong delta clay mud (Vi Thanh, Hau Giang)",ngoc2022,ngoc2022,Vietnam,PCC,PCC,146.13,52.63,0.0,52.63,180.0,71.6,38.0,33.6,946.7,UCS,table,1,
Mekong delta clay mud,"Mekong delta clay mud (Dong Hai, Bac Lieu)",ngoc2022,ngoc2022,Vietnam,PCC,PCC,97.82,39.22,0.0,39.22,7.0,57.1,33.3,23.8,532.4,UCS,table,1,
Mekong delta clay mud,"Mekong delta clay mud (Dong Hai, Bac Lieu)",ngoc2022,ngoc2022,Vietnam,PCC,PCC,97.82,39.22,0.0,39.22,14.0,57.1,33.3,23.8,718.4,UCS,table,1,
Mekong delta clay mud,"Mekong delta clay mud (Dong Hai, Bac Lieu)",ngoc2022,ngoc2022,Vietnam,PCC,PCC,97.82,39.22,0.0,39.22,28.0,57.1,33.3,23.8,829.3,UCS,table,1,
Mekong delta clay mud,"Mekong delta clay mud (Dong Hai, Bac Lieu)",ngoc2022,ngoc2022,Vietnam,PCC,PCC,97.82,39.22,0.0,39.22,56.0,57.1,33.3,23.8,1059.3,UCS,table,1,
Mekong delta clay mud,"Mekong delta clay mud (Dong Hai, Bac Lieu)",ngoc2022,ngoc2022,Vietnam,PCC,PCC,97.82,39.22,0.0,39.22,91.0,57.1,33.3,23.8,1126.4,UCS,table,1,
Mekong delta clay mud,"Mekong delta clay mud (Dong Hai, Bac Lieu)",ngoc2022,ngoc2022,Vietnam,PCC,PCC,97.82,39.22,0.0,39.22,180.0,57.1,33.3,23.8,1283.8,UCS,table,1,
Mekong delta clay mud,"Mekong delta clay mud (Cai Nuoc, Ca Mau)",ngoc2022,ngoc2022,Vietnam,PCC,PCC,122.58,45.98,0.0,45.98,7.0,69.6,38.0,31.7,480.4,UCS,table,1,
Mekong delta clay mud,"Mekong delta clay mud (Cai Nuoc, Ca Mau)",ngoc2022,ngoc2022,Vietnam,PCC,PCC,122.58,45.98,0.0,45.98,14.0,69.6,38.0,31.7,801.2,UCS,table,1,
Mekong delta clay mud,"Mekong delta clay mud (Cai Nuoc, Ca Mau)",ngoc2022,ngoc2022,Vietnam,PCC,PCC,122.58,45.98,0.0,45.98,28.0,69.6,38.0,31.7,858.1,UCS,table,1,
Mekong delta clay mud,"Mekong delta clay mud (Cai Nuoc, Ca Mau)",ngoc2022,ngoc2022,Vietnam,PCC,PCC,122.58,45.98,0.0,45.98,56.0,69.6,38.0,31.7,951.2,UCS,table,1,
Mekong delta clay mud,"Mekong delta clay mud (Cai Nuoc, Ca Mau)",ngoc2022,ngoc2022,Vietnam,PCC,PCC,122.58,45.98,0.0,45.98,91.0,69.6,38.0,31.7,1191.2,UCS,table,1,
Mekong delta clay mud,"Mekong delta clay mud (Cai Nuoc, Ca Mau)",ngoc2022,ngoc2022,Vietnam,PCC,PCC,122.58,45.98,0.0,45.98,180.0,69.6,38.0,31.7,1642.5,UCS,table,1,
Bangkok clay,"Bangkok soft clay (KMUTNB, 10-12 m)",pochalard2025,pochalard2025,Thailand,OPC,OPC,88.0,20.0,0.0,20.0,7.0,88.0,34.0,54.0,539.5,UCS,table,1,
Bangkok clay,"Bangkok soft clay (KMUTNB, 10-12 m)",pochalard2025,pochalard2025,Thailand,OPC,OPC,88.0,20.0,0.0,20.0,14.0,88.0,34.0,54.0,632.6,UCS,table,1,
Bangkok clay,"Bangkok soft clay (KMUTNB, 10-12 m)",pochalard2025,pochalard2025,Thailand,OPC,OPC,88.0,20.0,0.0,20.0,28.0,88.0,34.0,54.0,730.2,UCS,table,1,
Bangkok clay,"Bangkok soft clay (KMUTNB, 10-12 m)",pochalard2025,pochalard2025,Thailand,OPC,OPC,88.0,20.0,0.0,20.0,90.0,88.0,34.0,54.0,1300.0,UCS,table,1,
Bangkok clay,"Bangkok soft clay (KMUTNB, 10-12 m)",pochalard2025,pochalard2025,Thailand,PC+FA,OPC,88.0,20.0,10.0,21.5,7.0,88.0,34.0,54.0,267.7,UCS,table,1,
Bangkok clay,"Bangkok soft clay (KMUTNB, 10-12 m)",pochalard2025,pochalard2025,Thailand,PC+FA,OPC,88.0,20.0,10.0,21.5,14.0,88.0,34.0,54.0,303.3,UCS,table,1,
Bangkok clay,"Bangkok soft clay (KMUTNB, 10-12 m)",pochalard2025,pochalard2025,Thailand,PC+FA,OPC,88.0,20.0,10.0,21.5,28.0,88.0,34.0,54.0,455.3,UCS,table,1,
Bangkok clay,"Bangkok soft clay (KMUTNB, 10-12 m)",pochalard2025,pochalard2025,Thailand,PC+FA,OPC,88.0,20.0,10.0,21.5,90.0,88.0,34.0,54.0,681.4,UCS,table,1,
Bangkok clay,"Bangkok soft clay (KMUTNB, 10-12 m)",pochalard2025,pochalard2025,Thailand,PC+FA,OPC,88.0,20.0,15.0,22.25,7.0,88.0,34.0,54.0,417.7,UCS,table,1,
Bangkok clay,"Bangkok soft clay (KMUTNB, 10-12 m)",pochalard2025,pochalard2025,Thailand,PC+FA,OPC,88.0,20.0,15.0,22.25,14.0,88.0,34.0,54.0,623.3,UCS,table,1,
Bangkok clay,"Bangkok soft clay (KMUTNB, 10-12 m)",pochalard2025,pochalard2025,Thailand,PC+FA,OPC,88.0,20.0,15.0,22.25,28.0,88.0,34.0,54.0,676.7,UCS,table,1,
Bangkok clay,"Bangkok soft clay (KMUTNB, 10-12 m)",pochalard2025,pochalard2025,Thailand,PC+FA,OPC,88.0,20.0,15.0,22.25,90.0,88.0,34.0,54.0,1249.9,UCS,table,1,
Bangkok clay,"Bangkok soft clay (KMUTNB, 10-12 m)",pochalard2025,pochalard2025,Thailand,PC+FA,OPC,88.0,20.0,20.0,23.0,7.0,88.0,34.0,54.0,319.0,UCS,table,1,
Bangkok clay,"Bangkok soft clay (KMUTNB, 10-12 m)",pochalard2025,pochalard2025,Thailand,PC+FA,OPC,88.0,20.0,20.0,23.0,14.0,88.0,34.0,54.0,443.0,UCS,table,1,
Bangkok clay,"Bangkok soft clay (KMUTNB, 10-12 m)",pochalard2025,pochalard2025,Thailand,PC+FA,OPC,88.0,20.0,20.0,23.0,28.0,88.0,34.0,54.0,522.8,UCS,table,1,
Bangkok clay,"Bangkok soft clay (KMUTNB, 10-12 m)",pochalard2025,pochalard2025,Thailand,PC+FA,OPC,88.0,20.0,20.0,23.0,90.0,88.0,34.0,54.0,973.1,UCS,table,1,
Bangkok clay,"Bangkok soft clay (KMUTNB, 10-12 m)",pochalard2025,pochalard2025,Thailand,PC+FA,OPC,88.0,20.0,25.0,23.75,7.0,88.0,34.0,54.0,311.9,UCS,table,1,
Bangkok clay,"Bangkok soft clay (KMUTNB, 10-12 m)",pochalard2025,pochalard2025,Thailand,PC+FA,OPC,88.0,20.0,25.0,23.75,14.0,88.0,34.0,54.0,451.1,UCS,table,1,
Bangkok clay,"Bangkok soft clay (KMUTNB, 10-12 m)",pochalard2025,pochalard2025,Thailand,PC+FA,OPC,88.0,20.0,25.0,23.75,28.0,88.0,34.0,54.0,370.8,UCS,table,1,
Bangkok clay,"Bangkok soft clay (KMUTNB, 10-12 m)",pochalard2025,pochalard2025,Thailand,PC+FA,OPC,88.0,20.0,25.0,23.75,90.0,88.0,34.0,54.0,1019.6,UCS,table,1,
Bangkok clay,"Bangkok soft clay (KMUTNB, 10-12 m)",pochalard2025,pochalard2025,Thailand,PC+FA,OPC,88.0,20.0,30.0,24.5,7.0,88.0,34.0,54.0,267.5,UCS,table,1,
Bangkok clay,"Bangkok soft clay (KMUTNB, 10-12 m)",pochalard2025,pochalard2025,Thailand,PC+FA,OPC,88.0,20.0,30.0,24.5,14.0,88.0,34.0,54.0,345.9,UCS,table,1,
Bangkok clay,"Bangkok soft clay (KMUTNB, 10-12 m)",pochalard2025,pochalard2025,Thailand,PC+FA,OPC,88.0,20.0,30.0,24.5,28.0,88.0,34.0,54.0,409.2,UCS,table,1,
Bangkok clay,"Bangkok soft clay (KMUTNB, 10-12 m)",pochalard2025,pochalard2025,Thailand,PC+FA,OPC,88.0,20.0,30.0,24.5,90.0,88.0,34.0,54.0,690.1,UCS,table,1,
Thanh Hoa coastal soft clay,Thanh Hoa coastal soft clay (Site I),truong2020,truong2020,Vietnam,PCC,PCC,106.09,30.49,0.0,30.49,28.0,87.8,33.0,54.8,728.0,UCS,table,1,
Thanh Hoa coastal soft clay,Thanh Hoa coastal soft clay (Site I),truong2020,truong2020,Vietnam,slag cement,slag cement,106.09,30.49,45.0,70.1422,28.0,87.8,33.0,54.8,2045.0,UCS,table,1,
Nghe An coastal soft soil,"Nghe An coastal soft soil (Site II, USCS SC)",truong2020,truong2020,Vietnam,PCC,PCC,91.68,27.47,0.0,27.47,28.0,59.7,28.8,30.9,808.0,UCS,table,1,
Nghe An coastal soft soil,"Nghe An coastal soft soil (Site II, USCS SC)",truong2020,truong2020,Vietnam,slag cement,slag cement,91.68,27.47,45.0,63.1947,28.0,59.7,28.8,30.9,2449.0,UCS,table,1,
Thanh Hoa coastal soft clay,Thanh Hoa coastal soft clay (Site I),truong2020,truong2020,Vietnam,PCC,PCC,110.97,36.59,0.0,36.59,28.0,87.8,33.0,54.8,808.0,UCS,table,1,
Thanh Hoa coastal soft clay,Thanh Hoa coastal soft clay (Site I),truong2020,truong2020,Vietnam,slag cement,slag cement,110.97,36.59,45.0,84.1753,28.0,87.8,33.0,54.8,2205.0,UCS,table,1,
Nghe An coastal soft soil,"Nghe An coastal soft soil (Site II, USCS SC)",truong2020,truong2020,Vietnam,PCC,PCC,96.07,32.97,0.0,32.97,28.0,59.7,28.8,30.9,912.0,UCS,table,1,
Nghe An coastal soft soil,"Nghe An coastal soft soil (Site II, USCS SC)",truong2020,truong2020,Vietnam,slag cement,slag cement,96.07,32.97,45.0,75.8475,28.0,59.7,28.8,30.9,2743.0,UCS,table,1,
Thanh Hoa coastal soft clay,Thanh Hoa coastal soft clay (Site I),truong2020,truong2020,Vietnam,PCC,PCC,115.85,42.68,0.0,42.68,28.0,87.8,33.0,54.8,873.0,UCS,table,1,
Thanh Hoa coastal soft clay,Thanh Hoa coastal soft clay (Site I),truong2020,truong2020,Vietnam,slag cement,slag cement,115.85,42.68,45.0,98.1853,28.0,87.8,33.0,54.8,2355.0,UCS,table,1,
Nghe An coastal soft soil,"Nghe An coastal soft soil (Site II, USCS SC)",truong2020,truong2020,Vietnam,PCC,PCC,100.47,38.46,0.0,38.46,28.0,59.7,28.8,30.9,951.0,UCS,table,1,
Nghe An coastal soft soil,"Nghe An coastal soft soil (Site II, USCS SC)",truong2020,truong2020,Vietnam,slag cement,slag cement,100.47,38.46,45.0,88.4772,28.0,59.7,28.8,30.9,2816.0,UCS,table,1,
Thanh Hoa coastal soft clay,Thanh Hoa coastal soft clay (Site I),truong2020,truong2020,Vietnam,PCC,PCC,109.14,30.49,0.0,30.49,28.0,87.8,33.0,54.8,706.0,UCS,table,1,
Thanh Hoa coastal soft clay,Thanh Hoa coastal soft clay (Site I),truong2020,truong2020,Vietnam,slag cement,slag cement,109.14,30.49,45.0,70.1422,28.0,87.8,33.0,54.8,1733.0,UCS,table,1,
Nghe An coastal soft soil,"Nghe An coastal soft soil (Site II, USCS SC)",truong2020,truong2020,Vietnam,PCC,PCC,94.43,27.47,0.0,27.47,28.0,59.7,28.8,30.9,752.0,UCS,table,1,
Nghe An coastal soft soil,"Nghe An coastal soft soil (Site II, USCS SC)",truong2020,truong2020,Vietnam,slag cement,slag cement,94.43,27.47,45.0,63.1947,28.0,59.7,28.8,30.9,2359.0,UCS,table,1,
Thanh Hoa coastal soft clay,Thanh Hoa coastal soft clay (Site I),truong2020,truong2020,Vietnam,PCC,PCC,114.63,36.59,0.0,36.59,28.0,87.8,33.0,54.8,770.0,UCS,table,1,
Thanh Hoa coastal soft clay,Thanh Hoa coastal soft clay (Site I),truong2020,truong2020,Vietnam,slag cement,slag cement,114.63,36.59,45.0,84.1753,28.0,87.8,33.0,54.8,1938.0,UCS,table,1,
Nghe An coastal soft soil,"Nghe An coastal soft soil (Site II, USCS SC)",truong2020,truong2020,Vietnam,PCC,PCC,99.37,32.97,0.0,32.97,28.0,59.7,28.8,30.9,814.0,UCS,table,1,
Nghe An coastal soft soil,"Nghe An coastal soft soil (Site II, USCS SC)",truong2020,truong2020,Vietnam,slag cement,slag cement,99.37,32.97,45.0,75.8475,28.0,59.7,28.8,30.9,2481.0,UCS,table,1,
Thanh Hoa coastal soft clay,Thanh Hoa coastal soft clay (Site I),truong2020,truong2020,Vietnam,PCC,PCC,120.11,42.68,0.0,42.68,28.0,87.8,33.0,54.8,838.0,UCS,table,1,
Thanh Hoa coastal soft clay,Thanh Hoa coastal soft clay (Site I),truong2020,truong2020,Vietnam,slag cement,slag cement,120.11,42.68,45.0,98.1853,28.0,87.8,33.0,54.8,2070.0,UCS,table,1,
Nghe An coastal soft soil,"Nghe An coastal soft soil (Site II, USCS SC)",truong2020,truong2020,Vietnam,PCC,PCC,104.32,38.46,0.0,38.46,28.0,59.7,28.8,30.9,863.0,UCS,table,1,
Nghe An coastal soft soil,"Nghe An coastal soft soil (Site II, USCS SC)",truong2020,truong2020,Vietnam,slag cement,slag cement,104.32,38.46,45.0,88.4772,28.0,59.7,28.8,30.9,2660.0,UCS,table,1,
Thanh Hoa coastal soft clay,Thanh Hoa coastal soft clay (Site I),truong2020,truong2020,Vietnam,PCC,PCC,112.19,30.49,0.0,30.49,28.0,87.8,33.0,54.8,648.0,UCS,table,1,
Thanh Hoa coastal soft clay,Thanh Hoa coastal soft clay (Site I),truong2020,truong2020,Vietnam,slag cement,slag cement,112.19,30.49,45.0,70.1422,28.0,87.8,33.0,54.8,1630.0,UCS,table,1,
Nghe An coastal soft soil,"Nghe An coastal soft soil (Site II, USCS SC)",truong2020,truong2020,Vietnam,PCC,PCC,97.17,27.47,0.0,27.47,28.0,59.7,28.8,30.9,720.0,UCS,table,1,
Nghe An coastal soft soil,"Nghe An coastal soft soil (Site II, USCS SC)",truong2020,truong2020,Vietnam,slag cement,slag cement,97.17,27.47,45.0,63.1947,28.0,59.7,28.8,30.9,2241.0,UCS,table,1,
Thanh Hoa coastal soft clay,Thanh Hoa coastal soft clay (Site I),truong2020,truong2020,Vietnam,PCC,PCC,118.29,36.59,0.0,36.59,28.0,87.8,33.0,54.8,698.0,UCS,table,1,
Thanh Hoa coastal soft clay,Thanh Hoa coastal soft clay (Site I),truong2020,truong2020,Vietnam,slag cement,slag cement,118.29,36.59,45.0,84.1753,28.0,87.8,33.0,54.8,1848.0,UCS,table,1,
Nghe An coastal soft soil,"Nghe An coastal soft soil (Site II, USCS SC)",truong2020,truong2020,Vietnam,PCC,PCC,102.67,32.97,0.0,32.97,28.0,59.7,28.8,30.9,755.0,UCS,table,1,
Nghe An coastal soft soil,"Nghe An coastal soft soil (Site II, USCS SC)",truong2020,truong2020,Vietnam,slag cement,slag cement,102.67,32.97,45.0,75.8475,28.0,59.7,28.8,30.9,2437.0,UCS,table,1,
Thanh Hoa coastal soft clay,Thanh Hoa coastal soft clay (Site I),truong2020,truong2020,Vietnam,PCC,PCC,124.38,42.68,0.0,42.68,28.0,87.8,33.0,54.8,778.0,UCS,table,1,
Thanh Hoa coastal soft clay,Thanh Hoa coastal soft clay (Site I),truong2020,truong2020,Vietnam,slag cement,slag cement,124.38,42.68,45.0,98.1853,28.0,87.8,33.0,54.8,1965.0,UCS,table,1,
Nghe An coastal soft soil,"Nghe An coastal soft soil (Site II, USCS SC)",truong2020,truong2020,Vietnam,PCC,PCC,108.16,38.46,0.0,38.46,28.0,59.7,28.8,30.9,801.0,UCS,table,1,
Nghe An coastal soft soil,"Nghe An coastal soft soil (Site II, USCS SC)",truong2020,truong2020,Vietnam,slag cement,slag cement,108.16,38.46,45.0,88.4772,28.0,59.7,28.8,30.9,2545.0,UCS,table,1,
